,country,continent,year,life_expectancy,population,gdp_per_capita
0,Japan,Asia,2007-01-01,82.603,127467972,31656.06806
1,"Hong Kong, China",Asia,2007-01-01,82.208,6980412,39724.97867
2,Japan,Asia,2002-01-01,82,127065841,28604.5919
3,Iceland,Europe,2007-01-01,81.757,301931,36180.78919
4,Switzerland,Europe,2007-01-01,81.701,7554661,37506.41907
5,"Hong Kong, China",Asia,2002-01-01,81.495,6762476,30209.01516
6,Australia,Oceania,2007-01-01,81.235,20434176,34435.36744
7,Spain,Europe,2007-01-01,80.941,40448191,28821.0637
8,Sweden,Europe,2007-01-01,80.884,9031088,33859.74835
9,Israel,Asia,2007-01-01,80.745,6426679,25523.2771
10,Japan,Asia,1997-01-01,80.69,125956499,28816.58499
11,France,Europe,2007-01-01,80.657,61083916,30470.0167
12,Canada,Americas,2007-01-01,80.653,33390141,36319.23501
13,Switzerland,Europe,2002-01-01,80.62,7361757,34480.95771
14,Italy,Europe,2007-01-01,80.546,58147733,28569.7197
15,Iceland,Europe,2002-01-01,80.5,288030,31163.20196
16,Australia,Oceania,2002-01-01,80.37,19546792,30687.75473
17,Italy,Europe,2002-01-01,80.24,57926999,27968.09817
18,New Zealand,Oceania,2007-01-01,80.204,4115771,25185.00911
19,Norway,Europe,2007-01-01,80.196,4627926,49357.19017
20,Sweden,Europe,2002-01-01,80.04,8954175,29341.63093
21,"Hong Kong, China",Asia,1997-01-01,80,6495918,28377.63219
22,Singapore,Asia,2007-01-01,79.972,4553009,47143.17964
23,Austria,Europe,2007-01-01,79.829,8199783,36126.4927
24,Spain,Europe,2002-01-01,79.78,40152517,24835.47166
25,Canada,Americas,2002-01-01,79.77,31902268,33328.96507
26,Netherlands,Europe,2007-01-01,79.762,16570613,36797.93332
27,Israel,Asia,2002-01-01,79.696,6029529,21905.59514
28,France,Europe,2002-01-01,79.59,59925035,28926.03234
29,Greece,Europe,2007-01-01,79.483,10706290,27538.41188
30,Belgium,Europe,2007-01-01,79.441,10392226,33692.60508
31,United Kingdom,Europe,2007-01-01,79.425,60776238,33203.26128
32,Germany,Europe,2007-01-01,79.406,82400996,32170.37442
33,Sweden,Europe,1997-01-01,79.39,8897619,25266.59499
34,Switzerland,Europe,1997-01-01,79.37,7193761,32135.32301
35,Japan,Asia,1992-01-01,79.36,124329269,26824.89511
36,Finland,Europe,2007-01-01,79.313,5238460,33207.0844
37,New Zealand,Oceania,2002-01-01,79.11,3908037,23189.80135
38,Norway,Europe,2002-01-01,79.05,4535591,44683.97525
39,Austria,Europe,2002-01-01,78.98,8148312,32417.60769
40,Iceland,Europe,1997-01-01,78.95,271192,28061.09966
41,Ireland,Europe,2007-01-01,78.885,4109086,40675.99635
42,Australia,Oceania,1997-01-01,78.83,18565243,26997.93657
43,Italy,Europe,1997-01-01,78.82,57479469,24675.02446
44,Costa Rica,Americas,2007-01-01,78.782,4133884,9645.06142
45,Iceland,Europe,1992-01-01,78.77,259012,25144.39201
46,Singapore,Asia,2002-01-01,78.77,4197776,36023.1054
47,Spain,Europe,1997-01-01,78.77,39855442,20445.29896
48,Puerto Rico,Americas,2007-01-01,78.746,3942491,19328.70901
49,Germany,Europe,2002-01-01,78.67,82350671,30035.80198
50,Japan,Asia,1987-01-01,78.67,122091325,22375.94189
51,France,Europe,1997-01-01,78.64,58623428,25889.78487
52,"Korea, Rep.",Asia,2007-01-01,78.623,49044790,23348.13973
53,Canada,Americas,1997-01-01,78.61,30305843,28954.92589
54,Chile,Americas,2007-01-01,78.553,16284741,13171.63885
55,Netherlands,Europe,2002-01-01,78.53,16122830,33724.75778
56,United Kingdom,Europe,2002-01-01,78.471,59912431,29478.99919
57,Taiwan,Asia,2007-01-01,78.4,23174294,28718.27684
58,Finland,Europe,2002-01-01,78.37,5193039,28204.59057
59,Denmark,Europe,2007-01-01,78.332,5468120,35278.41874
60,Belgium,Europe,2002-01-01,78.32,10311970,30485.88375
61,Norway,Europe,1997-01-01,78.32,4405672,41283.16433
62,Cuba,Americas,2007-01-01,78.273,11416987,8948.102923
63,Israel,Asia,1997-01-01,78.269,5531387,20896.60924
64,Greece,Europe,2002-01-01,78.256,10603863,22514.2548
65,United States,Americas,2007-01-01,78.242,301139947,42951.65309
66,Sweden,Europe,1992-01-01,78.16,8718867,23880.01683
67,Costa Rica,Americas,2002-01-01,78.123,3834934,7723.447195
68,Portugal,Europe,2007-01-01,78.098,10642836,20509.64777
69,Netherlands,Europe,1997-01-01,78.03,15604464,30246.13063
70,Switzerland,Europe,1992-01-01,78.03,6995447,31871.5303
71,Canada,Americas,1992-01-01,77.95,28523502,26342.88426
72,Slovenia,Europe,2007-01-01,77.926,2009245,25768.25759
73,Greece,Europe,1997-01-01,77.869,10502372,18747.69814
74,Chile,Americas,2002-01-01,77.86,15497046,10778.78385
75,Ireland,Europe,2002-01-01,77.783,3879155,34077.04939
76,Puerto Rico,Americas,2002-01-01,77.778,3859606,18855.60618
77,"Hong Kong, China",Asia,1992-01-01,77.601,5829696,24757.60301
78,Kuwait,Asia,2007-01-01,77.588,2505559,47306.98978
79,Spain,Europe,1992-01-01,77.57,39549438,18603.06452
80,Australia,Oceania,1992-01-01,77.56,17481977,23424.76683
81,New Zealand,Oceania,1997-01-01,77.55,3676187,21050.41377
82,Belgium,Europe,1997-01-01,77.53,10199787,27561.19663
83,Austria,Europe,1997-01-01,77.51,8069876,29095.92066
84,France,Europe,1992-01-01,77.46,57374179,24703.79615
85,Italy,Europe,1992-01-01,77.44,56840847,22013.64486
86,Netherlands,Europe,1992-01-01,77.42,15174244,26790.94961
87,Switzerland,Europe,1987-01-01,77.41,6649942,30281.70459
88,Germany,Europe,1997-01-01,77.34,82011073,27788.88416
89,Norway,Europe,1992-01-01,77.32,4286357,33965.66115
90,United States,Americas,2002-01-01,77.31,287675526,39097.09955
91,Portugal,Europe,2002-01-01,77.29,10433867,19970.90787
92,Costa Rica,Americas,1997-01-01,77.26,3518107,6677.045314
93,Iceland,Europe,1987-01-01,77.23,244676,26923.20628
94,United Kingdom,Europe,1997-01-01,77.218,58808266,26074.53136
95,Sweden,Europe,1987-01-01,77.19,8421403,23586.92927
96,Denmark,Europe,2002-01-01,77.18,5374693,32166.50006
97,Singapore,Asia,1997-01-01,77.158,3802309,33519.4766
98,Cuba,Americas,2002-01-01,77.158,11226999,6340.646683
99,Finland,Europe,1997-01-01,77.13,5134406,23723.9502
100,Japan,Asia,1982-01-01,77.11,118454974,19384.10571
101,"Korea, Rep.",Asia,2002-01-01,77.045,47969150,19233.98818
102,Greece,Europe,1992-01-01,77.03,10325429,17541.49634
103,Iceland,Europe,1982-01-01,76.99,233997,23269.6075
104,Taiwan,Asia,2002-01-01,76.99,22454239,23235.42329
105,Israel,Asia,1992-01-01,76.93,4936550,18051.52254
106,Kuwait,Asia,2002-01-01,76.904,2111561,35110.10566
107,Spain,Europe,1987-01-01,76.9,38880702,15764.98313
108,Canada,Americas,1987-01-01,76.86,26549700,26626.51503
109,Netherlands,Europe,1987-01-01,76.83,14665278,23651.32361
110,United States,Americas,1997-01-01,76.81,272911760,35767.43303
111,Greece,Europe,1987-01-01,76.67,9974490,16120.52839
112,Slovenia,Europe,2002-01-01,76.66,2011497,20660.01936
113,Czech Republic,Europe,2007-01-01,76.486,10228744,22833.30851
114,Belgium,Europe,1992-01-01,76.46,10045622,25575.57069
115,Reunion,Africa,2007-01-01,76.442,798094,7670.122558
116,Albania,Europe,2007-01-01,76.423,3600523,5937.029526
117,United Kingdom,Europe,1992-01-01,76.42,57866349,22705.09254
118,Sweden,Europe,1982-01-01,76.42,8325260,20667.38125
119,Italy,Europe,1987-01-01,76.42,56729703,19207.23482
120,Uruguay,Americas,2007-01-01,76.384,3447496,10611.46299
121,France,Europe,1987-01-01,76.34,55630100,22066.44214
122,New Zealand,Oceania,1992-01-01,76.33,3437674,18363.32494
123,Australia,Oceania,1987-01-01,76.32,16257249,21888.88903
124,Spain,Europe,1982-01-01,76.3,37983310,13926.16997
125,Switzerland,Europe,1982-01-01,76.21,6468126,28397.71512
126,"Hong Kong, China",Asia,1987-01-01,76.2,5584510,20038.47269
127,Mexico,Americas,2007-01-01,76.195,108700891,11977.57496
128,Kuwait,Asia,1997-01-01,76.156,1765345,40300.61996
129,Cuba,Americas,1997-01-01,76.151,10983007,5431.990415
130,Ireland,Europe,1997-01-01,76.122,3667233,24521.94713
131,Denmark,Europe,1997-01-01,76.11,5283663,29804.34567
132,Iceland,Europe,1977-01-01,76.11,221823,19654.96247
133,United States,Americas,1992-01-01,76.09,256894189,32003.93224
134,Germany,Europe,1992-01-01,76.07,80597764,26505.30317
135,Netherlands,Europe,1982-01-01,76.05,14310401,21399.46046
136,Austria,Europe,1992-01-01,76.04,7914969,27042.01868
137,Portugal,Europe,1997-01-01,75.97,10156415,17641.03156
138,Norway,Europe,1982-01-01,75.97,4114787,26298.63531
139,Norway,Europe,1987-01-01,75.89,4186147,31540.9748
140,Chile,Americas,1997-01-01,75.816,14599929,10118.05318
141,Singapore,Asia,1992-01-01,75.788,3235865,24769.8912
142,Canada,Americas,1982-01-01,75.76,25201900,22898.79214
143,Croatia,Europe,2007-01-01,75.748,4493312,14619.22272
144,Reunion,Africa,2002-01-01,75.744,743981,6316.1652
145,Costa Rica,Americas,1992-01-01,75.713,3173216,6160.416317
146,Finland,Europe,1992-01-01,75.7,5041039,20647.16499
147,Albania,Europe,2002-01-01,75.651,3508512,4604.211737
148,Oman,Asia,2007-01-01,75.64,3204897,22316.19287
149,Bahrain,Asia,2007-01-01,75.635,708573,29796.04834
150,Israel,Asia,1987-01-01,75.6,4203148,17122.47986
151,Poland,Europe,2007-01-01,75.563,38518241,15389.92468
152,Panama,Americas,2007-01-01,75.537,3242173,9809.185636
153,Czech Republic,Europe,2002-01-01,75.51,10256295,17596.21022
154,Ireland,Europe,1992-01-01,75.467,3557761,17558.81555
155,"Hong Kong, China",Asia,1982-01-01,75.45,5264500,14560.53051
156,Montenegro,Europe,1997-01-01,75.445,692651,6465.613349
157,Sweden,Europe,1977-01-01,75.44,8251648,18855.72521
158,Montenegro,Europe,1992-01-01,75.435,621621,7003.339037
159,Switzerland,Europe,1977-01-01,75.39,6316424,26982.29052
160,Japan,Asia,1977-01-01,75.38,113872473,16610.37701
161,Norway,Europe,1977-01-01,75.37,4043205,23311.34939
162,Belgium,Europe,1987-01-01,75.35,9870200,22525.56308
163,Denmark,Europe,1992-01-01,75.33,5171393,26406.73985
164,Argentina,Americas,2007-01-01,75.32,40301927,12779.37964
165,Uruguay,Americas,2002-01-01,75.307,3363085,7727.002004
166,Taiwan,Asia,1997-01-01,75.25,21628605,20206.82098
167,Greece,Europe,1982-01-01,75.24,9786480,15268.42089
168,Netherlands,Europe,1977-01-01,75.24,13852989,21209.0592
169,Kuwait,Asia,1992-01-01,75.19,1418095,34932.91959
170,Slovenia,Europe,1997-01-01,75.13,2011612,17161.10735
171,United States,Americas,1987-01-01,75.02,242803533,29884.35041
172,United Kingdom,Europe,1987-01-01,75.007,56981620,21664.78767
173,Ecuador,Americas,2007-01-01,74.994,13755680,6873.262326
174,Italy,Europe,1982-01-01,74.98,56535636,16537.4835
175,Austria,Europe,1987-01-01,74.94,7578903,23687.82607
176,Puerto Rico,Americas,1997-01-01,74.917,3759430,16999.4333
177,Mexico,Americas,2002-01-01,74.902,102479927,10742.44053
178,France,Europe,1982-01-01,74.89,54433565,20293.89746
179,Croatia,Europe,2002-01-01,74.876,4481020,11628.38895
180,Montenegro,Europe,1987-01-01,74.865,569473,11732.51017
181,Portugal,Europe,1992-01-01,74.86,9927680,16207.26663
182,Bosnia and Herzegovina,Europe,2007-01-01,74.852,4552198,7446.298803
183,Germany,Europe,1987-01-01,74.847,77718298,24639.18566
184,Finland,Europe,1987-01-01,74.83,4931729,21141.01223
185,Denmark,Europe,1987-01-01,74.8,5127024,25116.17581
186,Bahrain,Asia,2002-01-01,74.795,656397,23403.55927
187,Reunion,Africa,1997-01-01,74.772,684810,6071.941411
188,Costa Rica,Americas,1987-01-01,74.752,2799811,5629.915318
189,Australia,Oceania,1982-01-01,74.74,15184200,19477.00928
190,Sweden,Europe,1972-01-01,74.72,8122293,17832.02464
191,Panama,Americas,2002-01-01,74.712,2990875,7356.031934
192,Denmark,Europe,1977-01-01,74.69,5088419,20422.9015
193,Poland,Europe,2002-01-01,74.67,38625976,12002.23908
194,Slovak Republic,Europe,2007-01-01,74.663,5447502,18678.31435
195,United States,Americas,1982-01-01,74.65,232187835,25009.55914
196,"Korea, Rep.",Asia,1997-01-01,74.647,46173816,15993.52796
197,Puerto Rico,Americas,1987-01-01,74.63,3444468,12281.34191
198,Denmark,Europe,1982-01-01,74.63,5117810,21688.04048
199,Finland,Europe,1982-01-01,74.55,4826933,18533.15761
200,Montenegro,Europe,2007-01-01,74.543,684736,9253.896111
201,Iceland,Europe,1972-01-01,74.46,209275,15798.06362
202,Israel,Asia,1982-01-01,74.45,3858421,15367.0292
203,Cuba,Americas,1992-01-01,74.414,10723260,5592.843963
204,Spain,Europe,1977-01-01,74.39,36439000,13236.92117
205,Ireland,Europe,1987-01-01,74.36,3539900,13872.86652
206,Norway,Europe,1972-01-01,74.34,3933004,18965.05551
207,Argentina,Americas,2002-01-01,74.34,38331121,8797.640716
208,New Zealand,Oceania,1987-01-01,74.32,3317166,19007.19129
209,Taiwan,Asia,1992-01-01,74.26,20686918,15215.6579
210,Vietnam,Asia,2007-01-01,74.249,85262356,2441.576404
211,Malaysia,Asia,2007-01-01,74.241,24821286,12451.6558
212,Uruguay,Americas,1997-01-01,74.223,3262838,9230.240708
213,Canada,Americas,1977-01-01,74.21,23796400,22090.88306
214,Oman,Asia,2002-01-01,74.193,2713462,19774.83687
215,Kuwait,Asia,1987-01-01,74.174,1891487,28118.42998
216,Cuba,Americas,1987-01-01,74.174,10239839,7532.924763
217,Ecuador,Americas,2002-01-01,74.173,12921234,5773.044512
218,Sweden,Europe,1967-01-01,74.16,7867931,15258.29697
219,Syria,Asia,2007-01-01,74.143,19314747,4184.548089
220,Chile,Americas,1992-01-01,74.126,13572994,7596.125964
221,Montenegro,Europe,1982-01-01,74.101,562548,11222.58762
222,Bosnia and Herzegovina,Europe,2002-01-01,74.09,4165416,6018.975239
223,Norway,Europe,1967-01-01,74.08,3786019,16361.87647
224,Portugal,Europe,1987-01-01,74.06,9915289,13039.30876
225,United Kingdom,Europe,1982-01-01,74.04,56339704,18232.42452
226,Czech Republic,Europe,1997-01-01,74.01,10300707,16048.51424
227,Serbia,Europe,2007-01-01,74.002,10150265,9786.534714
228,Montenegro,Europe,2002-01-01,73.981,720230,6557.194282
229,Libya,Africa,2007-01-01,73.952,6036914,12057.49928
230,Belgium,Europe,1982-01-01,73.93,9856303,20979.84589
231,Bahrain,Asia,1997-01-01,73.925,598561,20292.01679
232,Tunisia,Africa,2007-01-01,73.923,10276158,7092.923025
233,Puerto Rico,Americas,1992-01-01,73.911,3585176,14641.58711
234,New Zealand,Oceania,1982-01-01,73.84,3210650,17632.4104
235,France,Europe,1977-01-01,73.83,53165019,18292.63514
236,Netherlands,Europe,1967-01-01,73.82,12596822,15363.25136
237,Slovak Republic,Europe,2002-01-01,73.8,5410052,13638.77837
238,Germany,Europe,1982-01-01,73.8,78335266,22031.53274
239,Switzerland,Europe,1972-01-01,73.78,6401400,27195.11304
240,Puerto Rico,Americas,1982-01-01,73.75,3279001,10330.98915
241,Netherlands,Europe,1972-01-01,73.75,13329874,18794.74567
242,Venezuela,Americas,2007-01-01,73.747,26084662,11415.80569
243,Panama,Americas,1997-01-01,73.738,2734531,7113.692252
244,Iceland,Europe,1967-01-01,73.73,198676,13319.89568
245,Cuba,Americas,1982-01-01,73.717,9789224,7316.918107
246,Croatia,Europe,1997-01-01,73.68,4444595,9875.604515
247,Greece,Europe,1977-01-01,73.68,9308479,14195.52428
248,Iceland,Europe,1962-01-01,73.68,182053,10350.15906
249,Mexico,Americas,1997-01-01,73.67,95895146,9767.29753
250,Slovenia,Europe,1992-01-01,73.64,1999210,14214.71681
251,Reunion,Africa,1992-01-01,73.615,622191,6101.255823
252,"Hong Kong, China",Asia,1977-01-01,73.6,4583700,11186.14125
253,Singapore,Asia,1987-01-01,73.56,2794552,18861.53081
254,Australia,Oceania,1977-01-01,73.49,14074100,18334.19751
255,Italy,Europe,1977-01-01,73.48,56059245,14255.98475
256,Iceland,Europe,1957-01-01,73.47,165110,9244.001412
257,Denmark,Europe,1972-01-01,73.47,4991596,18866.20721
258,Norway,Europe,1962-01-01,73.47,3638919,13450.40151
259,Costa Rica,Americas,1982-01-01,73.45,2424367,5262.734751
260,Puerto Rico,Americas,1977-01-01,73.44,3080828,9770.524921
261,Norway,Europe,1957-01-01,73.44,3491938,11653.97304
262,West Bank and Gaza,Asia,2007-01-01,73.422,4018332,3025.349798
263,Japan,Asia,1972-01-01,73.42,107188273,14778.78636
264,Taiwan,Asia,1987-01-01,73.4,19757799,11054.56175
265,United States,Americas,1977-01-01,73.38,220239000,24072.63213
266,Sweden,Europe,1962-01-01,73.37,7561588,12329.44192
267,Hungary,Europe,2007-01-01,73.338,9956108,18008.94444
268,Argentina,Americas,1997-01-01,73.275,36203463,10967.28195
269,Bosnia and Herzegovina,Europe,1997-01-01,73.244,3607000,4766.355904
270,Netherlands,Europe,1962-01-01,73.23,11805689,12790.84956
271,Serbia,Europe,2002-01-01,73.213,10111559,7236.075251
272,Austria,Europe,1982-01-01,73.18,7574613,21597.08362
273,Ireland,Europe,1982-01-01,73.1,3480000,12618.32141
274,Montenegro,Europe,1977-01-01,73.066,560073,9595.929905
275,Israel,Asia,1977-01-01,73.06,3495918,13306.61921
276,Spain,Europe,1972-01-01,73.06,34513161,10638.75131
277,Syria,Asia,2002-01-01,73.053,17155814,4090.925331
278,Malaysia,Asia,2002-01-01,73.044,22662365,10206.97794
279,Tunisia,Africa,2002-01-01,73.042,9770575,5722.895655
280,Vietnam,Asia,2002-01-01,73.017,80908147,1764.456677
281,Bulgaria,Europe,2007-01-01,73.005,7322858,10680.79282
282,Netherlands,Europe,1957-01-01,72.99,11026383,11276.19344
283,China,Asia,2007-01-01,72.961,1318683096,4959.114854
284,Denmark,Europe,1967-01-01,72.96,4838800,15937.21123
285,Albania,Europe,1997-01-01,72.95,3428038,3193.054604
286,Nicaragua,Americas,2007-01-01,72.899,5675356,2749.320965
287,Colombia,Americas,2007-01-01,72.889,44227550,7006.580419
288,Canada,Americas,1972-01-01,72.88,22284500,18970.57086
289,Mauritius,Africa,2007-01-01,72.801,1250882,10956.99112
290,Belgium,Europe,1977-01-01,72.8,9821800,19117.97448
291,Saudi Arabia,Asia,2007-01-01,72.777,27601038,21654.83194
292,Portugal,Europe,1982-01-01,72.77,9859650,11753.84291
293,Switzerland,Europe,1967-01-01,72.77,6063000,22966.14432
294,Venezuela,Americas,2002-01-01,72.766,24287670,8605.047831
295,United Kingdom,Europe,1977-01-01,72.76,56179000,17428.74846
296,Uruguay,Americas,1992-01-01,72.752,3149262,8137.004775
297,Poland,Europe,1997-01-01,72.75,38654957,10159.58368
298,Libya,Africa,2002-01-01,72.737,5368585,9534.677467
299,Slovak Republic,Europe,1997-01-01,72.71,5383010,12126.23065
300,Norway,Europe,1952-01-01,72.67,3327728,10095.42172
301,Cuba,Americas,1977-01-01,72.649,9537988,6380.494966
302,Bahrain,Asia,1992-01-01,72.601,529491,19035.57917
303,Hungary,Europe,2002-01-01,72.59,10083313,14843.93556
304,Jamaica,Americas,2007-01-01,72.567,2780132,7320.880262
305,Jordan,Asia,2007-01-01,72.535,6053193,4519.461171
306,Croatia,Europe,1992-01-01,72.527,4494013,8447.794873
307,Finland,Europe,1977-01-01,72.52,4738902,15605.42283
308,Germany,Europe,1977-01-01,72.5,78160773,20512.92123
309,Oman,Asia,1997-01-01,72.499,2283635,19702.05581
310,Chile,Americas,1987-01-01,72.492,12463354,5547.063754
311,Iceland,Europe,1952-01-01,72.49,147962,7267.688428
312,Sweden,Europe,1957-01-01,72.49,7363802,9911.878226
313,Romania,Europe,2007-01-01,72.476,22276056,10808.47561
314,Panama,Americas,1992-01-01,72.462,2484997,6618.74305
315,Czech Republic,Europe,1992-01-01,72.4,10315702,14297.02122
316,Sri Lanka,Asia,2007-01-01,72.396,20378239,3970.095407
317,Brazil,Americas,2007-01-01,72.39,190010647,9065.800825
318,France,Europe,1972-01-01,72.38,51732000,16107.19171
319,West Bank and Gaza,Asia,2002-01-01,72.37,3389578,4515.487575
320,Denmark,Europe,1962-01-01,72.35,4646899,13583.31351
321,Greece,Europe,1972-01-01,72.34,8888628,12724.82957
322,Ecuador,Americas,1997-01-01,72.312,11911819,7429.455877
323,Algeria,Africa,2007-01-01,72.301,33333216,6223.367465
324,Jamaica,Americas,1997-01-01,72.262,2531311,7121.924704
325,Slovenia,Europe,1987-01-01,72.25,1945870,18678.53492
326,"Korea, Rep.",Asia,1992-01-01,72.244,43805450,12104.27872
327,Dominican Republic,Americas,2007-01-01,72.235,9319622,6025.374752
328,Serbia,Europe,1997-01-01,72.232,10336594,7914.320304
329,New Zealand,Oceania,1977-01-01,72.22,3164900,16233.7177
330,Italy,Europe,1972-01-01,72.19,54365564,12269.27378
331,Bosnia and Herzegovina,Europe,1992-01-01,72.178,4256013,2546.781445
332,Austria,Europe,1977-01-01,72.17,7568430,19749.4223
333,Puerto Rico,Americas,1972-01-01,72.16,2847132,9123.041742
334,Taiwan,Asia,1982-01-01,72.16,18501390,7426.354774
335,Venezuela,Americas,1997-01-01,72.146,22374398,10165.49518
336,Bulgaria,Europe,2002-01-01,72.14,7661799,7696.777725
337,Netherlands,Europe,1952-01-01,72.13,10381988,8941.571858
338,Canada,Americas,1967-01-01,72.13,20819767,16076.58803
339,Jamaica,Americas,2002-01-01,72.047,2664659,6994.774861
340,Ireland,Europe,1977-01-01,72.03,3271900,11150.98113
341,China,Asia,2002-01-01,72.028,1280400000,3119.280896
342,United Kingdom,Europe,1972-01-01,72.01,56079000,15895.11641
343,"Hong Kong, China",Asia,1972-01-01,72,4115700,8315.928145
344,Albania,Europe,1987-01-01,72,3075321,3738.932735
345,Lebanon,Asia,2007-01-01,71.993,3921278,10461.05868
346,Tunisia,Africa,1997-01-01,71.973,9231669,4876.798614
347,Mauritius,Africa,2002-01-01,71.954,1200206,9021.815894
348,Malaysia,Asia,1997-01-01,71.938,20476091,10132.90964
349,Australia,Oceania,1972-01-01,71.93,13177000,16788.62948
350,Uruguay,Americas,1987-01-01,71.918,3045153,7452.398969
351,Reunion,Africa,1987-01-01,71.913,562035,5303.377488
352,New Zealand,Oceania,1972-01-01,71.89,2929100,16046.03728
353,El Salvador,Americas,2007-01-01,71.878,6939688,5728.353514
354,Argentina,Americas,1992-01-01,71.868,33958947,9308.41871
355,Sweden,Europe,1952-01-01,71.86,7124673,8527.844662
356,Denmark,Europe,1957-01-01,71.81,4487831,11099.65935
357,Turkey,Europe,2007-01-01,71.777,71158647,8458.276384
358,Jamaica,Americas,1987-01-01,71.77,2326606,6351.237495
359,Jamaica,Americas,1992-01-01,71.766,2378618,7404.923685
360,Singapore,Asia,1982-01-01,71.76,2651869,15169.16112
361,Paraguay,Americas,2007-01-01,71.752,6667147,4172.838464
362,Philippines,Asia,2007-01-01,71.688,91077287,3190.481016
363,Colombia,Americas,2002-01-01,71.682,41008227,5755.259962
364,Serbia,Europe,1992-01-01,71.659,9826397,9325.068238
365,Israel,Asia,1972-01-01,71.63,3095893,12786.93223
366,Saudi Arabia,Asia,2002-01-01,71.626,24501530,19014.54118
367,Albania,Europe,1992-01-01,71.581,3326498,2497.437901
368,Czech Republic,Europe,1987-01-01,71.58,10311597,16310.4434
369,Libya,Africa,1997-01-01,71.555,4759670,9467.446056
370,France,Europe,1967-01-01,71.55,49569000,12999.91766
371,Syria,Asia,1997-01-01,71.527,15081016,4014.238972
372,Panama,Americas,1987-01-01,71.523,2253639,7034.779161
373,New Zealand,Oceania,1967-01-01,71.52,2728150,14463.91893
374,Croatia,Europe,1987-01-01,71.52,4484310,13822.58394
375,Mexico,Americas,1992-01-01,71.455,88111030,9472.384295
376,Spain,Europe,1967-01-01,71.44,32850275,7993.512294
377,Belgium,Europe,1972-01-01,71.44,9709100,16672.14356
378,Japan,Asia,1967-01-01,71.43,100825279,9847.788607
379,Peru,Americas,2007-01-01,71.421,28674757,7408.905561
380,Slovak Republic,Europe,1992-01-01,71.38,5302888,9498.467723
381,United Kingdom,Europe,1967-01-01,71.36,54959000,14142.85089
382,United States,Americas,1972-01-01,71.34,209896000,21806.03594
383,Bulgaria,Europe,1987-01-01,71.34,8971958,8239.854824
384,Egypt,Africa,2007-01-01,71.338,80264543,5581.180998
385,Romania,Europe,2002-01-01,71.322,22404337,7885.360081
386,Poland,Europe,1982-01-01,71.32,36227381,8451.531004
387,Switzerland,Europe,1962-01-01,71.32,5666000,20431.0927
388,Kuwait,Asia,1982-01-01,71.309,1497494,31354.03573
389,Canada,Americas,1962-01-01,71.3,18985849,13462.48555
390,Ireland,Europe,1972-01-01,71.28,3024400,9530.772896
391,Jordan,Asia,2002-01-01,71.263,5307470,3844.917194
392,New Zealand,Oceania,1962-01-01,71.24,2488550,13175.678
393,Serbia,Europe,1987-01-01,71.218,9230783,15870.87851
394,Jamaica,Americas,1982-01-01,71.21,2298309,6068.05135
395,Oman,Asia,1992-01-01,71.197,1915208,18616.70691
396,Bulgaria,Europe,1992-01-01,71.19,8658506,6302.623438
397,Morocco,Africa,2007-01-01,71.164,33757175,3820.17523
398,Venezuela,Americas,1992-01-01,71.15,20265563,10733.92631
399,Bosnia and Herzegovina,Europe,1987-01-01,71.14,4338977,4314.114757
400,Australia,Oceania,1967-01-01,71.1,11872264,14526.12465
401,Puerto Rico,Americas,1967-01-01,71.1,2648961,6929.277714
402,West Bank and Gaza,Asia,1997-01-01,71.096,2826046,7110.667619
403,Ireland,Europe,1967-01-01,71.08,2900100,7655.568963
404,Bulgaria,Europe,1982-01-01,71.08,8892098,8224.191647
405,Slovak Republic,Europe,1987-01-01,71.08,5199318,12037.26758
406,Slovenia,Europe,1982-01-01,71.063,1861252,17866.72175
407,Italy,Europe,1967-01-01,71.06,52667100,10022.40131
408,Hungary,Europe,1997-01-01,71.04,10244684,11712.7768
409,Lebanon,Asia,2002-01-01,71.028,3677780,9313.93883
410,Brazil,Americas,2002-01-01,71.006,179914212,8131.212843
411,Germany,Europe,1972-01-01,71,78717088,18016.18027
412,Greece,Europe,1967-01-01,71,8716441,8513.097016
413,Algeria,Africa,2002-01-01,70.994,31287142,5288.040382
414,Poland,Europe,1992-01-01,70.99,38370697,7738.881247
415,Poland,Europe,1987-01-01,70.98,37740710,9082.351172
416,Slovak Republic,Europe,1967-01-01,70.98,4442238,8412.902397
417,Slovenia,Europe,1977-01-01,70.97,1746919,15277.03017
418,Iran,Asia,2007-01-01,70.964,69453570,11605.71449
419,Czech Republic,Europe,1982-01-01,70.96,10303704,15377.22855
420,Belgium,Europe,1967-01-01,70.94,9556500,13149.04119
421,Australia,Oceania,1962-01-01,70.93,10794968,12217.22686
422,Bulgaria,Europe,1972-01-01,70.9,8576200,6597.494398
423,Finland,Europe,1972-01-01,70.87,4639657,14358.8759
424,Poland,Europe,1972-01-01,70.85,33039545,8006.506993
425,Dominican Republic,Americas,2002-01-01,70.847,8650322,4563.808154
426,Turkey,Europe,2002-01-01,70.845,67308928,6508.085718
427,Nicaragua,Americas,2002-01-01,70.836,5146848,2474.548819
428,Sri Lanka,Asia,2002-01-01,70.815,19576783,3015.378833
429,Bulgaria,Europe,1977-01-01,70.81,8797022,7612.240438
430,Uruguay,Americas,1982-01-01,70.805,2953997,6920.223051
431,Slovak Republic,Europe,1982-01-01,70.8,5048043,11348.54585
432,Germany,Europe,1967-01-01,70.8,76368453,14745.62561
433,Singapore,Asia,1977-01-01,70.795,2325300,11210.08948
434,Denmark,Europe,1952-01-01,70.78,4334000,9692.385245
435,Argentina,Americas,1987-01-01,70.774,31620918,9139.671389
436,United States,Americas,1967-01-01,70.76,198712000,19530.36557
437,United Kingdom,Europe,1962-01-01,70.76,53292000,12477.17707
438,Paraguay,Americas,2002-01-01,70.755,5884491,3783.674243
439,Bahrain,Asia,1987-01-01,70.75,454612,18524.02406
440,Israel,Asia,1967-01-01,70.75,2693585,8393.741404
441,Costa Rica,Americas,1977-01-01,70.75,2108457,5926.876967
442,Mauritius,Africa,1997-01-01,70.736,1149818,7425.705295
443,El Salvador,Americas,2002-01-01,70.734,6353681,5351.568666
444,Cuba,Americas,1972-01-01,70.723,8831348,5305.445256
445,Czech Republic,Europe,1977-01-01,70.71,10161915,14800.16062
446,Malaysia,Asia,1992-01-01,70.693,18319502,7277.912802
447,Bosnia and Herzegovina,Europe,1982-01-01,70.69,4172693,4126.613157
448,Vietnam,Asia,1997-01-01,70.672,76048996,1385.896769
449,Poland,Europe,1977-01-01,70.67,34621254,9508.141454
450,Indonesia,Asia,2007-01-01,70.65,223547000,3540.651564
451,"Korea, Dem. Rep.",Asia,1987-01-01,70.647,19067554,4106.492315
452,Croatia,Europe,1977-01-01,70.64,4318673,11305.38517
453,Montenegro,Europe,1972-01-01,70.636,527678,7778.414017
454,Austria,Europe,1972-01-01,70.63,7544201,16661.6256
455,Thailand,Asia,2007-01-01,70.616,65068149,7458.396327
456,Taiwan,Asia,1977-01-01,70.59,16785196,5596.519826
457,Chile,Americas,1982-01-01,70.565,11487112,5095.665738
458,Switzerland,Europe,1957-01-01,70.56,5126000,17909.48973
459,Saudi Arabia,Asia,1997-01-01,70.533,21229759,20586.69019
460,France,Europe,1962-01-01,70.51,47124000,10560.48553
461,Panama,Americas,1982-01-01,70.472,2036305,7009.601598
462,Croatia,Europe,1982-01-01,70.46,4413368,13221.82184
463,Sri Lanka,Asia,1997-01-01,70.457,18698655,2664.477257
464,Slovak Republic,Europe,1977-01-01,70.45,4827803,10922.66404
465,China,Asia,1997-01-01,70.426,1230075000,2289.234136
466,United Kingdom,Europe,1957-01-01,70.42,51430000,11283.17795
467,Bulgaria,Europe,1967-01-01,70.42,8310226,5577.0028
468,Albania,Europe,1982-01-01,70.42,2780097,3630.880722
469,Portugal,Europe,1977-01-01,70.41,9662600,10172.48572
470,Czech Republic,Europe,1967-01-01,70.38,9835109,11399.44489
471,Sri Lanka,Asia,1992-01-01,70.379,17587060,2153.739222
472,Slovak Republic,Europe,1972-01-01,70.35,4593433,9674.167626
473,Slovak Republic,Europe,1962-01-01,70.33,4237384,7481.107598
474,Australia,Oceania,1957-01-01,70.33,9712569,10949.64959
475,Bulgaria,Europe,1997-01-01,70.32,8066057,5970.38876
476,Colombia,Americas,1997-01-01,70.313,37657830,6117.361746
477,Philippines,Asia,2002-01-01,70.303,82995088,2650.921068
478,Germany,Europe,1962-01-01,70.3,73739117,12902.46291
479,Serbia,Europe,1977-01-01,70.3,8686367,12980.66956
480,Czech Republic,Europe,1972-01-01,70.29,9862158,13108.4536
481,Ireland,Europe,1962-01-01,70.29,2830000,6631.597314
482,Lebanon,Asia,1997-01-01,70.265,3430388,8754.96385
483,New Zealand,Oceania,1957-01-01,70.26,2229407,12247.39532
484,Guatemala,Americas,2007-01-01,70.259,12572928,5186.050003
485,Belgium,Europe,1962-01-01,70.25,9218400,10991.20676
486,United States,Americas,1962-01-01,70.21,186538000,16173.14586
487,Honduras,Americas,2007-01-01,70.198,7483763,3548.330846
488,Venezuela,Americas,1987-01-01,70.19,17910182,9883.584648
489,Serbia,Europe,1982-01-01,70.162,9032824,15181.0927
490,Austria,Europe,1967-01-01,70.14,7376998,12834.6024
491,Jamaica,Americas,1977-01-01,70.11,2156814,6650.195573
492,Tunisia,Africa,1992-01-01,70.001,8523077,4332.720164
493,"Hong Kong, China",Asia,1967-01-01,70,3722800,6197.962814
494,"Korea, Dem. Rep.",Asia,1992-01-01,69.978,20711375,3726.063507
495,Canada,Americas,1957-01-01,69.96,17010154,12489.95006
496,Dominican Republic,Americas,1997-01-01,69.957,7992357,3614.101285
497,Hungary,Europe,1977-01-01,69.95,10637171,11674.83737
498,Argentina,Americas,1982-01-01,69.942,29341374,8997.897412
499,Peru,Americas,2002-01-01,69.906,26769436,5909.020073
500,Czech Republic,Europe,1962-01-01,69.9,9620282,10136.86713
501,Reunion,Africa,1982-01-01,69.885,517810,5267.219353
502,Trinidad and Tobago,Americas,1992-01-01,69.862,1183669,7370.990932
503,Bosnia and Herzegovina,Europe,1977-01-01,69.86,4086000,3528.481305
504,Finland,Europe,1967-01-01,69.83,4605744,10921.63626
505,Slovenia,Europe,1972-01-01,69.82,1694510,12383.4862
506,Trinidad and Tobago,Americas,2007-01-01,69.819,1056608,18008.50924
507,"Korea, Rep.",Asia,1987-01-01,69.81,41622000,8533.088805
508,Egypt,Africa,2002-01-01,69.806,73312559,4754.604414
509,Jordan,Asia,1997-01-01,69.772,4526235,3645.379572
510,Hungary,Europe,1972-01-01,69.76,10394091,10168.65611
511,Mauritius,Africa,1992-01-01,69.745,1096202,6058.253846
512,Romania,Europe,1997-01-01,69.72,22562458,7346.547557
513,West Bank and Gaza,Asia,1992-01-01,69.718,2104779,6017.654756
514,Spain,Europe,1962-01-01,69.69,31158061,5693.843879
515,Romania,Europe,1982-01-01,69.66,22356726,9605.314053
516,Switzerland,Europe,1952-01-01,69.62,4815000,14734.23275
517,Puerto Rico,Americas,1962-01-01,69.62,2448046,5108.34463
518,Morocco,Africa,2002-01-01,69.615,31167783,3258.495584
519,Ecuador,Americas,1992-01-01,69.613,10748394,7103.702595
520,Croatia,Europe,1972-01-01,69.61,4225310,9164.090127
521,Poland,Europe,1967-01-01,69.61,31785378,6557.152776
522,Trinidad and Tobago,Americas,1987-01-01,69.582,1191336,7388.597823
523,Hungary,Europe,1987-01-01,69.58,10612740,12986.47998
524,Austria,Europe,1962-01-01,69.54,7129864,10750.72111
525,El Salvador,Americas,1997-01-01,69.535,5783439,5154.825496
526,Romania,Europe,1987-01-01,69.53,22686371,9696.273295
527,Singapore,Asia,1972-01-01,69.521,2152400,8597.756202
528,Bulgaria,Europe,1962-01-01,69.51,8012946,4254.337839
529,Greece,Europe,1962-01-01,69.51,8448233,6017.190733
530,Hungary,Europe,1967-01-01,69.5,10223422,9326.64467
531,Malaysia,Asia,1987-01-01,69.5,16331785,5249.802653
532,Mexico,Americas,1987-01-01,69.498,80122492,8688.156003
533,United States,Americas,1957-01-01,69.49,171984000,14847.12712
534,Uruguay,Americas,1977-01-01,69.481,2873520,6504.339663
535,Trinidad and Tobago,Americas,1997-01-01,69.465,1138101,8792.573126
536,Romania,Europe,1977-01-01,69.46,21658597,9356.39724
537,Iran,Asia,2002-01-01,69.451,66907826,9240.761975
538,Paraguay,Americas,1997-01-01,69.4,5154123,4247.400261
539,Israel,Asia,1962-01-01,69.39,2310904,7105.630706
540,New Zealand,Oceania,1952-01-01,69.39,1994794,10556.57566
541,Hungary,Europe,1982-01-01,69.39,10705535,12545.99066
542,Taiwan,Asia,1972-01-01,69.39,15226039,4062.523897
543,Brazil,Americas,1997-01-01,69.388,168546719,7957.980824
544,Romania,Europe,1992-01-01,69.36,22797027,6598.409903
545,Kuwait,Asia,1977-01-01,69.343,1140357,59265.47714
546,Lebanon,Asia,1992-01-01,69.292,3219994,6890.806854
547,Portugal,Europe,1972-01-01,69.26,8970450,9022.247417
548,Syria,Asia,1992-01-01,69.249,13219062,3340.542768
549,Italy,Europe,1962-01-01,69.24,50843200,8243.58234
550,Belgium,Europe,1957-01-01,69.24,8989111,9714.960623
551,Romania,Europe,1972-01-01,69.21,20662648,8011.414402
552,Slovenia,Europe,1967-01-01,69.18,1646912,9405.489397
553,United Kingdom,Europe,1952-01-01,69.18,50430000,9979.508487
554,Hungary,Europe,1992-01-01,69.17,10348684,10535.62855
555,Algeria,Africa,1997-01-01,69.152,29072015,4797.295051
556,Slovenia,Europe,1962-01-01,69.15,1582962,7402.303395
557,Australia,Oceania,1952-01-01,69.12,8691212,10039.59564
558,"Korea, Dem. Rep.",Asia,1982-01-01,69.1,17647518,4106.525293
559,Germany,Europe,1957-01-01,69.1,71019069,10187.82665
560,Bahrain,Asia,1982-01-01,69.052,377967,19211.14731
561,Czech Republic,Europe,1957-01-01,69.03,9513758,8256.343918
562,Sri Lanka,Asia,1987-01-01,69.011,16495304,1876.766827
563,Jamaica,Americas,1972-01-01,69,1997616,7433.889293
564,Guatemala,Americas,2002-01-01,68.978,11178650,4858.347495
565,Trinidad and Tobago,Americas,2002-01-01,68.976,1101832,11460.60023
566,France,Europe,1957-01-01,68.93,44310863,8662.834898
567,Albania,Europe,1977-01-01,68.93,2509048,3533.00391
568,Ireland,Europe,1957-01-01,68.9,2878220,5599.077872
569,Turkey,Europe,1997-01-01,68.835,63047647,6601.429915
570,Trinidad and Tobago,Americas,1982-01-01,68.832,1116479,9119.528607
571,Saudi Arabia,Asia,1992-01-01,68.768,16945857,24841.61777
572,Sri Lanka,Asia,1982-01-01,68.757,15410151,1648.079789
573,Libya,Africa,1992-01-01,68.755,4364501,9640.138501
574,Finland,Europe,1962-01-01,68.75,4491443,9371.842561
575,Canada,Americas,1952-01-01,68.75,14785584,11367.16112
576,Mauritius,Africa,1987-01-01,68.74,1042663,4783.586903
577,Japan,Asia,1962-01-01,68.73,95831757,6576.649461
578,Serbia,Europe,1972-01-01,68.7,8313288,10522.06749
579,China,Asia,1992-01-01,68.69,1164970000,1655.784158
580,Panama,Americas,1977-01-01,68.681,1839782,5351.912144
581,Uruguay,Americas,1972-01-01,68.673,2829526,5703.408898
582,Indonesia,Asia,2002-01-01,68.588,211060000,2873.91287
583,Honduras,Americas,2002-01-01,68.565,6677328,3099.72866
584,Thailand,Asia,2002-01-01,68.564,62806748,5913.187529
585,Philippines,Asia,1997-01-01,68.564,75012988,2536.534925
586,Venezuela,Americas,1982-01-01,68.557,15620766,11152.41011
587,Puerto Rico,Americas,1957-01-01,68.54,2260000,3907.156189
588,Croatia,Europe,1967-01-01,68.5,4174366,6960.297861
589,Argentina,Americas,1977-01-01,68.481,26983828,10079.02674
590,Uruguay,Americas,1967-01-01,68.468,2748579,5444.61962
591,Dominican Republic,Americas,1992-01-01,68.457,7351181,3044.214214
592,United States,Americas,1952-01-01,68.44,157553000,13990.48208
593,Nicaragua,Americas,1997-01-01,68.426,4609572,2253.023004
594,Colombia,Americas,1992-01-01,68.421,34202721,5444.648617
595,Peru,Americas,1997-01-01,68.386,24748122,5838.347657
596,Trinidad and Tobago,Americas,1977-01-01,68.3,1039009,7899.554209
597,Cuba,Americas,1967-01-01,68.29,8139332,5690.268015
598,Uruguay,Americas,1962-01-01,68.253,2598466,5603.357717
599,Paraguay,Americas,1992-01-01,68.225,4483945,4196.411078
600,Iran,Asia,1997-01-01,68.042,63327987,8263.590301
601,Jordan,Asia,1992-01-01,68.015,3867409,3431.593647
602,Belgium,Europe,1952-01-01,68,8730405,8343.105127
603,Malaysia,Asia,1982-01-01,68,14441916,4920.355951
604,Hungary,Europe,1962-01-01,67.96,10063000,7550.359877
605,Singapore,Asia,1967-01-01,67.946,1977600,4977.41854
606,Lebanon,Asia,1987-01-01,67.926,3089353,5377.091329
607,Greece,Europe,1957-01-01,67.86,8096218,4916.299889
608,Slovenia,Europe,1957-01-01,67.85,1533070,5862.276629
609,Costa Rica,Americas,1972-01-01,67.849,1834796,5118.146939
610,Israel,Asia,1957-01-01,67.84,1944401,5385.278451
611,Italy,Europe,1957-01-01,67.81,49182000,6248.656232
612,Colombia,Americas,1987-01-01,67.768,30964245,4903.2191
613,Algeria,Africa,1992-01-01,67.744,26298373,5023.216647
614,Oman,Asia,1987-01-01,67.734,1593882,18115.22313
615,"Korea, Dem. Rep.",Asia,1997-01-01,67.727,21585105,1690.756814
616,Kuwait,Asia,1972-01-01,67.712,841934,109347.867
617,Albania,Europe,1972-01-01,67.69,2263554,3313.422188
618,Vietnam,Asia,1992-01-01,67.662,69940728,989.0231487
619,Morocco,Africa,1997-01-01,67.66,28529501,2982.101858
620,Honduras,Americas,1997-01-01,67.659,5867957,3160.454906
621,"Hong Kong, China",Asia,1962-01-01,67.65,3305200,4692.648272
622,Poland,Europe,1962-01-01,67.64,30329617,5338.752143
623,Thailand,Asia,1997-01-01,67.521,60216677,5852.625497
624,Jamaica,Americas,1967-01-01,67.51,1861096,6124.703451
625,Taiwan,Asia,1967-01-01,67.5,13648692,2643.858681
626,Germany,Europe,1952-01-01,67.5,69145952,7144.114393
627,Finland,Europe,1957-01-01,67.49,4324000,7545.415386
628,Austria,Europe,1957-01-01,67.48,6965860,8842.59803
629,Venezuela,Americas,1977-01-01,67.456,13503563,13143.95095
630,Slovak Republic,Europe,1957-01-01,67.45,3844277,6093.26298
631,Bosnia and Herzegovina,Europe,1972-01-01,67.45,3819000,2860.16975
632,France,Europe,1952-01-01,67.41,42459667,7029.809327
633,Mexico,Americas,1982-01-01,67.405,71640904,9611.147541
634,Paraguay,Americas,1987-01-01,67.378,3886512,3998.875695
635,Thailand,Asia,1992-01-01,67.298,56667095,4616.896545
636,"Korea, Dem. Rep.",Asia,2007-01-01,67.297,23301725,1593.06548
637,China,Asia,1987-01-01,67.274,1084035000,1378.904018
638,Ecuador,Americas,1987-01-01,67.231,9545158,6481.776993
639,Egypt,Africa,1997-01-01,67.217,66134291,4173.181797
640,Montenegro,Europe,1967-01-01,67.178,501035,5907.850937
641,"Korea, Dem. Rep.",Asia,1977-01-01,67.159,16325320,4106.301249
642,Croatia,Europe,1962-01-01,67.13,4076557,5477.890018
643,"Korea, Rep.",Asia,1982-01-01,67.123,39326000,5622.942464
644,Argentina,Americas,1972-01-01,67.065,24779799,9443.038526
645,Reunion,Africa,1977-01-01,67.064,492095,4319.804067
646,Brazil,Americas,1992-01-01,67.057,155975974,6950.283021
647,Chile,Americas,1977-01-01,67.052,10599793,4756.763836
648,West Bank and Gaza,Asia,1987-01-01,67.046,1691210,5107.197384
649,Uruguay,Americas,1957-01-01,67.044,2424959,6150.772969
650,Lebanon,Asia,1982-01-01,66.983,3086876,7640.519521
651,Syria,Asia,1987-01-01,66.974,11242847,3116.774285
652,Serbia,Europe,1967-01-01,66.914,7971222,7991.707066
653,Ireland,Europe,1952-01-01,66.91,2952156,5210.280328
654,Tunisia,Africa,1987-01-01,66.894,7724976,3810.419296
655,Paraguay,Americas,1982-01-01,66.874,3366439,4258.503604
656,Czech Republic,Europe,1952-01-01,66.87,9125183,6876.14025
657,Mongolia,Asia,2007-01-01,66.803,2874127,3095.772271
658,Romania,Europe,1967-01-01,66.8,19284814,6470.866545
659,Romania,Europe,1962-01-01,66.8,18680721,4734.997586
660,Austria,Europe,1952-01-01,66.8,6927772,6137.076492
661,El Salvador,Americas,1992-01-01,66.798,5274649,4444.2317
662,Mauritius,Africa,1982-01-01,66.711,992040,3688.037739
663,"Korea, Dem. Rep.",Asia,2002-01-01,66.662,22215365,1646.758151
664,Spain,Europe,1957-01-01,66.66,29841614,4564.80241
665,Colombia,Americas,1982-01-01,66.653,27764644,4397.575659
666,Bulgaria,Europe,1957-01-01,66.61,7651254,3008.670727
667,Portugal,Europe,1967-01-01,66.6,9103000,6361.517993
668,Finland,Europe,1952-01-01,66.55,4090500,6424.519071
669,Philippines,Asia,1992-01-01,66.458,67185766,2279.324017
670,Peru,Americas,1992-01-01,66.458,22430449,4446.380924
671,Hungary,Europe,1957-01-01,66.41,9839000,6040.180011
672,Honduras,Americas,1992-01-01,66.399,5077347,3081.694603
673,Paraguay,Americas,1977-01-01,66.353,2984494,3248.373311
674,Guatemala,Americas,1997-01-01,66.322,9803875,4684.313807
675,Saudi Arabia,Asia,1987-01-01,66.295,14619745,21198.26136
676,Libya,Africa,1987-01-01,66.234,3799845,11770.5898
677,Albania,Europe,1967-01-01,66.22,1984060,2760.196931
678,Panama,Americas,1972-01-01,66.216,1616384,5364.249663
679,Turkey,Europe,1992-01-01,66.146,58179144,5678.348271
680,Lebanon,Asia,1977-01-01,66.099,3115787,8659.696836
681,Thailand,Asia,1987-01-01,66.084,52910342,2982.653773
682,Uruguay,Americas,1952-01-01,66.071,2252965,5716.766744
683,Dominican Republic,Americas,1987-01-01,66.046,6655297,2899.842175
684,Indonesia,Asia,1997-01-01,66.041,199278000,3119.335603
685,Sri Lanka,Asia,1977-01-01,65.949,14116836,1348.775651
686,Italy,Europe,1952-01-01,65.94,47666000,4931.404155
687,Trinidad and Tobago,Americas,1972-01-01,65.9,975199,6619.551419
688,Jordan,Asia,1987-01-01,65.869,2820042,4448.679912
689,Greece,Europe,1952-01-01,65.86,7733250,3530.690067
690,Nicaragua,Americas,1992-01-01,65.843,4017939,2170.151724
691,Paraguay,Americas,1972-01-01,65.815,2614104,2523.337977
692,Algeria,Africa,1987-01-01,65.799,23254956,5681.358539
693,Singapore,Asia,1962-01-01,65.798,1750200,3674.735572
694,Poland,Europe,1957-01-01,65.77,28235346,4734.253019
695,Iran,Asia,1992-01-01,65.742,60397973,7235.653188
696,Venezuela,Americas,1972-01-01,65.712,11515649,10505.25966
697,Argentina,Americas,1967-01-01,65.634,22934225,8052.953021
698,Jamaica,Americas,1962-01-01,65.61,1665128,5246.107524
699,Bahrain,Asia,1977-01-01,65.593,297410,19340.10196
700,Slovenia,Europe,1952-01-01,65.57,1489518,4215.041741
701,Bolivia,Americas,2007-01-01,65.554,9119152,3822.137084
702,Sao Tome and Principe,Africa,2007-01-01,65.528,199579,1598.435089
703,China,Asia,1982-01-01,65.525,1000281000,962.4213805
704,Japan,Asia,1957-01-01,65.5,91563009,4317.694365
705,Pakistan,Asia,2007-01-01,65.483,169270617,2605.94758
706,Costa Rica,Americas,1967-01-01,65.424,1588717,4161.727834
707,Lebanon,Asia,1972-01-01,65.421,2680018,7486.384341
708,Trinidad and Tobago,Americas,1967-01-01,65.4,960155,5621.368472
709,Morocco,Africa,1992-01-01,65.393,25798239,2948.047252
710,Israel,Asia,1952-01-01,65.39,1620914,4086.522128
711,Malaysia,Asia,1977-01-01,65.256,12845381,3827.921571
712,Cuba,Americas,1962-01-01,65.246,7254373,5180.75591
713,Brazil,Americas,1987-01-01,65.205,142938076,7807.095818
714,Taiwan,Asia,1962-01-01,65.2,11918938,1822.879028
715,Comoros,Africa,2007-01-01,65.152,710960,986.1478792
716,Argentina,Americas,1962-01-01,65.142,21283783,7133.166023
717,Iraq,Asia,1987-01-01,65.044,16543189,11643.57268
718,Sri Lanka,Asia,1972-01-01,65.042,13016733,1213.39553
719,Mongolia,Asia,2002-01-01,65.033,2674234,2140.739323
720,Mexico,Americas,1977-01-01,65.032,63759976,7674.929108
721,Paraguay,Americas,1967-01-01,64.951,2287985,2299.376311
722,Spain,Europe,1952-01-01,64.94,28549870,3834.034742
723,Mauritius,Africa,1977-01-01,64.93,913025,3710.982963
724,Trinidad and Tobago,Americas,1962-01-01,64.9,887498,4997.523971
725,Albania,Europe,1962-01-01,64.82,1728137,2312.888958
726,Bosnia and Herzegovina,Europe,1967-01-01,64.79,3585000,2172.352423
727,Croatia,Europe,1957-01-01,64.77,3991242,4338.231617
728,"Korea, Rep.",Asia,1977-01-01,64.766,36436000,4657.22102
729,"Hong Kong, China",Asia,1957-01-01,64.75,2736300,3629.076457
730,India,Asia,2007-01-01,64.698,1110396331,2452.210407
731,Kuwait,Asia,1967-01-01,64.624,575003,80894.88326
732,Thailand,Asia,1982-01-01,64.597,48827160,2393.219781
733,Syria,Asia,1982-01-01,64.59,9410494,3761.837715
734,Serbia,Europe,1962-01-01,64.531,7616060,6289.629157
735,Honduras,Americas,1987-01-01,64.492,4372203,3023.096699
736,West Bank and Gaza,Asia,1982-01-01,64.406,1425876,4336.032082
737,Argentina,Americas,1957-01-01,64.399,19610538,6856.856212
738,Portugal,Europe,1962-01-01,64.39,9019800,4727.954889
739,Paraguay,Americas,1962-01-01,64.361,2009813,2148.027146
740,Slovak Republic,Europe,1952-01-01,64.36,3558137,5074.659104
741,Ecuador,Americas,1982-01-01,64.342,8365850,7213.791267
742,Sao Tome and Principe,Africa,2002-01-01,64.337,170372,1353.09239
743,Puerto Rico,Americas,1952-01-01,64.28,2227000,3081.959785
744,Reunion,Africa,1972-01-01,64.274,461633,5047.658563
745,Sri Lanka,Asia,1967-01-01,64.266,11737396,1135.514326
746,Mauritania,Africa,2007-01-01,64.164,3270065,1803.151496
747,Philippines,Asia,1987-01-01,64.151,60017788,2189.634995
748,Peru,Americas,1987-01-01,64.134,20195924,6360.943444
749,Romania,Europe,1957-01-01,64.1,17829327,3943.370225
750,Panama,Americas,1967-01-01,64.071,1405486,4421.009084
751,Bangladesh,Asia,2007-01-01,64.062,150448339,1391.253792
752,Tunisia,Africa,1982-01-01,64.048,6734098,3560.233174
753,Hungary,Europe,1952-01-01,64.03,9504000,5263.673816
754,"Korea, Dem. Rep.",Asia,1972-01-01,63.983,14781241,3701.621503
755,China,Asia,1977-01-01,63.96736,943455000,741.2374699
756,Bolivia,Americas,2002-01-01,63.883,8445134,3413.26269
757,Lebanon,Asia,1967-01-01,63.87,2186894,6006.983042
758,Colombia,Americas,1977-01-01,63.837,25094412,3815.80787
759,Nepal,Asia,2007-01-01,63.785,28901790,1091.359778
760,Jordan,Asia,1982-01-01,63.739,2347031,4161.415959
761,Montenegro,Europe,1962-01-01,63.728,474528,4649.593785
762,Dominican Republic,Americas,1982-01-01,63.727,5968349,2861.092386
763,Egypt,Africa,1992-01-01,63.674,59402198,3794.755195
764,Mongolia,Asia,1997-01-01,63.625,2494803,1902.2521
765,Botswana,Africa,1987-01-01,63.622,1151184,6205.88385
766,Pakistan,Asia,2002-01-01,63.61,153403524,2092.712441
767,Venezuela,Americas,1967-01-01,63.479,9709552,9541.474188
768,Chile,Americas,1972-01-01,63.441,9717524,5494.024437
769,Guatemala,Americas,1992-01-01,63.373,8486949,4439.45084
770,Brazil,Americas,1982-01-01,63.336,128962939,7030.835878
771,Sao Tome and Principe,Africa,1997-01-01,63.306,145608,1339.076036
772,Bahrain,Asia,1972-01-01,63.3,230800,18268.65839
773,Paraguay,Americas,1957-01-01,63.196,1770902,2046.154706
774,Singapore,Asia,1957-01-01,63.179,1445929,2843.104409
775,El Salvador,Americas,1987-01-01,63.154,4842194,4140.442097
776,China,Asia,1972-01-01,63.11888,862030000,676.9000921
777,Turkey,Europe,1987-01-01,63.108,52881328,5089.043686
778,Senegal,Africa,2007-01-01,63.062,12267493,1712.472136
779,Iran,Asia,1987-01-01,63.04,51889696,6642.881371
780,Japan,Asia,1952-01-01,63.03,86459025,3216.956347
781,Saudi Arabia,Asia,1982-01-01,63.012,11254672,33693.17525
782,Malaysia,Asia,1972-01-01,63.01,11441462,2849.09478
783,Comoros,Africa,2002-01-01,62.974,614382,1075.811558
784,Mauritius,Africa,1972-01-01,62.944,851334,2575.484158
785,India,Asia,2002-01-01,62.879,1034172547,1746.769454
786,Costa Rica,Americas,1962-01-01,62.842,1345187,3460.937025
787,Vietnam,Asia,1987-01-01,62.82,62826491,820.7994449
788,Botswana,Africa,1992-01-01,62.745,1342614,7954.111645
789,Sao Tome and Principe,Africa,1992-01-01,62.742,125911,1428.777814
790,Oman,Asia,1982-01-01,62.728,1301048,12954.79101
791,"Yemen, Rep.",Asia,2007-01-01,62.698,22211743,2280.769906
792,Indonesia,Asia,1992-01-01,62.681,184816000,2383.140898
793,Morocco,Africa,1987-01-01,62.677,22987397,2755.046991
794,Paraguay,Americas,1952-01-01,62.649,1555876,1952.308701
795,"Korea, Rep.",Asia,1972-01-01,62.612,33505000,3030.87665
796,Jamaica,Americas,1957-01-01,62.61,1535090,4756.525781
797,Thailand,Asia,1977-01-01,62.494,44148285,1961.224635
798,Argentina,Americas,1952-01-01,62.485,17876956,5911.315053
799,Taiwan,Asia,1957-01-01,62.4,10164215,1507.86129
800,Mexico,Americas,1972-01-01,62.361,55984294,6809.40669
801,Zimbabwe,Africa,1987-01-01,62.351,9216418,706.1573059
802,Cuba,Americas,1957-01-01,62.325,6640752,6092.174359
803,Mauritania,Africa,2002-01-01,62.247,2828858,1579.019543
804,Sri Lanka,Asia,1962-01-01,62.192,10421936,1074.47196
805,Libya,Africa,1982-01-01,62.155,3344074,17364.27538
806,Lebanon,Asia,1962-01-01,62.094,1886848,5714.560611
807,Philippines,Asia,1982-01-01,62.082,53456774,2603.273765
808,Myanmar,Asia,2007-01-01,62.069,47761980,944
809,Bolivia,Americas,1997-01-01,62.05,7693188,3326.143191
810,Iraq,Asia,1982-01-01,62.038,14173318,14517.90711
811,Bangladesh,Asia,2002-01-01,62.013,135656790,1136.39043
812,Nicaragua,Americas,1987-01-01,62.008,3344353,2955.984375
813,Namibia,Africa,1992-01-01,61.999,1554253,3804.537999
814,Bosnia and Herzegovina,Europe,1962-01-01,61.93,3349000,1709.683679
815,South Africa,Africa,1992-01-01,61.888,39964159,7225.069258
816,Pakistan,Asia,1997-01-01,61.818,135564834,2049.350521
817,Panama,Americas,1962-01-01,61.817,1215725,3536.540301
818,Trinidad and Tobago,Americas,1957-01-01,61.8,764900,4100.3934
819,Dominican Republic,Americas,1977-01-01,61.788,5302800,2681.9889
820,India,Asia,1997-01-01,61.765,959000000,1458.817442
821,Sao Tome and Principe,Africa,1987-01-01,61.728,110812,1516.525457
822,Serbia,Europe,1957-01-01,61.685,7271135,4981.090891
823,Colombia,Americas,1972-01-01,61.623,22542890,3264.660041
824,Senegal,Africa,2002-01-01,61.6,10870037,1519.635262
825,Mauritius,Africa,1967-01-01,61.557,789309,2475.387562
826,Portugal,Europe,1957-01-01,61.51,8817650,3774.571743
827,Brazil,Americas,1977-01-01,61.489,114313951,6660.118654
828,Botswana,Africa,1982-01-01,61.484,970347,4551.14215
829,Sri Lanka,Asia,1957-01-01,61.456,9128546,1072.546602
830,Montenegro,Europe,1957-01-01,61.448,442829,3682.259903
831,Peru,Americas,1982-01-01,61.406,18125129,6434.501797
832,Algeria,Africa,1982-01-01,61.368,20033753,5745.160213
833,Gabon,Africa,1992-01-01,61.366,985739,13522.15752
834,Nepal,Asia,2002-01-01,61.34,25873917,1057.206311
835,Ecuador,Americas,1977-01-01,61.31,7278866,6679.62326
836,Poland,Europe,1952-01-01,61.31,25730551,4029.329699
837,Mongolia,Asia,1992-01-01,61.271,2312802,1785.402016
838,Croatia,Europe,1952-01-01,61.21,3882229,3119.23652
839,Syria,Asia,1977-01-01,61.195,7932503,3195.484582
840,Jordan,Asia,1977-01-01,61.134,1937652,2852.351568
841,Romania,Europe,1952-01-01,61.05,16630000,3144.613186
842,Turkey,Europe,1982-01-01,61.036,47328791,4241.356344
843,"Hong Kong, China",Asia,1952-01-01,60.96,2125900,3054.421209
844,Haiti,Americas,2007-01-01,60.916,8502814,1201.637154
845,Honduras,Americas,1982-01-01,60.909,3669448,3121.760794
846,Pakistan,Asia,1992-01-01,60.838,120065004,1971.829464
847,Namibia,Africa,1987-01-01,60.835,1278184,3693.731337
848,South Africa,Africa,1987-01-01,60.834,35933379,7825.823398
849,Guatemala,Americas,1987-01-01,60.782,7326406,4246.485974
850,Venezuela,Americas,1962-01-01,60.77,8143375,8422.974165
851,West Bank and Gaza,Asia,1977-01-01,60.765,1261091,3682.831494
852,Comoros,Africa,1997-01-01,60.66,527982,1173.618235
853,Reunion,Africa,1967-01-01,60.542,414024,4021.175739
854,Chile,Americas,1967-01-01,60.523,8858908,5106.654313
855,Kuwait,Asia,1962-01-01,60.47,358266,95458.11176
856,Gabon,Africa,1997-01-01,60.461,1126189,14722.84188
857,Mauritania,Africa,1997-01-01,60.43,2444741,1483.136136
858,Iraq,Asia,1977-01-01,60.413,11882916,14688.23507
859,Thailand,Asia,1972-01-01,60.405,39276153,1524.358936
860,Singapore,Asia,1952-01-01,60.396,1127000,2315.138227
861,Zimbabwe,Africa,1992-01-01,60.377,10704340,693.4207856
862,Zimbabwe,Africa,1982-01-01,60.363,7636524,788.8550411
863,Sao Tome and Principe,Africa,1982-01-01,60.351,98593,1890.218117
864,Myanmar,Asia,1997-01-01,60.328,43247867,415
865,"Yemen, Rep.",Asia,2002-01-01,60.308,18701257,2234.820827
866,Mauritius,Africa,1962-01-01,60.246,701016,2529.067487
867,South Africa,Africa,1997-01-01,60.236,42835005,7479.188244
868,India,Asia,1992-01-01,60.223,872000000,1164.406809
869,Mongolia,Asia,1987-01-01,60.222,2015133,2338.008304
870,Gabon,Africa,1987-01-01,60.19,880397,11864.40844
871,Senegal,Africa,1997-01-01,60.187,9535314,1392.368347
872,Indonesia,Asia,1987-01-01,60.137,169276000,1748.356961
873,Mexico,Americas,1967-01-01,60.11,47995559,5754.733883
874,Philippines,Asia,1977-01-01,60.06,46850962,2373.204287
875,Costa Rica,Americas,1957-01-01,60.026,1112300,2990.010802
876,Ghana,Africa,2007-01-01,60.022,22873338,1327.60891
877,Colombia,Americas,1967-01-01,59.963,19764027,2678.729839
878,Bolivia,Americas,1992-01-01,59.957,6893451,2961.699694
879,"Korea, Dem. Rep.",Asia,1967-01-01,59.942,12617009,2143.540609
880,Bahrain,Asia,1967-01-01,59.923,202182,14804.6727
881,Myanmar,Asia,2002-01-01,59.908,45598081,611
882,Tunisia,Africa,1977-01-01,59.837,6005061,3120.876811
883,Portugal,Europe,1952-01-01,59.82,8526050,3068.319867
884,Egypt,Africa,1987-01-01,59.797,52799062,3885.46071
885,Cambodia,Asia,2007-01-01,59.723,14131858,1713.778686
886,Lesotho,Africa,1992-01-01,59.685,1803195,977.4862725
887,Morocco,Africa,1982-01-01,59.65,20198730,2702.620356
888,Dominican Republic,Americas,1972-01-01,59.631,4671329,2189.874499
889,Iran,Asia,1982-01-01,59.62,43072751,7608.334602
890,Bulgaria,Europe,1952-01-01,59.6,7274900,2444.286648
891,Iraq,Asia,2007-01-01,59.545,27499638,4471.061906
892,Turkey,Europe,1977-01-01,59.507,42404033,4269.122326
893,Brazil,Americas,1972-01-01,59.504,100840058,4985.711467
894,Lebanon,Asia,1957-01-01,59.489,1647412,6089.786934
895,Iraq,Asia,1992-01-01,59.461,17861905,3745.640687
896,Gambia,Africa,2007-01-01,59.448,1688359,752.7497265
897,Madagascar,Africa,2007-01-01,59.443,19167654,1044.770126
898,Nepal,Asia,1997-01-01,59.426,23001113,1010.892138
899,Cuba,Americas,1952-01-01,59.421,6007797,5586.53878
900,Bangladesh,Asia,1997-01-01,59.412,123315288,972.7700352
901,Malaysia,Asia,1967-01-01,59.371,10154878,2277.742396
902,Kenya,Africa,1987-01-01,59.339,21198082,1361.936856
903,Myanmar,Asia,1992-01-01,59.32,40546538,347
904,Botswana,Africa,1977-01-01,59.319,781472,3214.857818
905,Nicaragua,Americas,1982-01-01,59.298,2979423,3470.338156
906,Kenya,Africa,1992-01-01,59.285,25020539,1341.921721
907,Albania,Europe,1957-01-01,59.28,1476505,1942.284244
908,Panama,Americas,1957-01-01,59.201,1063506,2961.800905
909,Montenegro,Europe,1952-01-01,59.164,413834,2647.585601
910,Trinidad and Tobago,Americas,1952-01-01,59.1,662850,3023.271928
911,Namibia,Africa,1982-01-01,58.968,1099010,4191.100511
912,Namibia,Africa,1997-01-01,58.909,1774766,3899.52426
913,Vietnam,Asia,1982-01-01,58.816,56142181,707.2357863
914,Iraq,Asia,1997-01-01,58.811,20775703,3076.239795
915,Ecuador,Americas,1972-01-01,58.796,6298651,5280.99471
916,Kenya,Africa,1982-01-01,58.766,17661452,1348.225791
917,Saudi Arabia,Asia,1977-01-01,58.69,8128505,34167.7626
918,Sudan,Africa,2007-01-01,58.556,42292929,2602.394995
919,Ghana,Africa,1997-01-01,58.556,18418288,1005.245812
920,India,Asia,1987-01-01,58.553,788000000,976.5126756
921,Sao Tome and Principe,Africa,1977-01-01,58.55,86796,1737.561657
922,Jamaica,Americas,1952-01-01,58.53,1426095,2898.530881
923,Taiwan,Asia,1952-01-01,58.5,8550362,1206.947913
924,Swaziland,Africa,1992-01-01,58.474,962344,3553.0224
925,Ghana,Africa,2002-01-01,58.453,20550751,1111.984578
926,Bosnia and Herzegovina,Europe,1957-01-01,58.45,3076000,1353.989176
927,Peru,Americas,1977-01-01,58.447,15990099,6281.290855
928,Togo,Africa,2007-01-01,58.42,5701579,882.9699438
929,Togo,Africa,1997-01-01,58.39,4320890,982.2869243
930,China,Asia,1967-01-01,58.38112,754550000,612.7056934
931,Myanmar,Asia,1987-01-01,58.339,38028578,385
932,Mauritania,Africa,1992-01-01,58.333,2119465,1361.369784
933,Mexico,Americas,1962-01-01,58.299,41121485,4581.609385
934,Thailand,Asia,1967-01-01,58.285,34024249,1295.46066
935,Pakistan,Asia,1987-01-01,58.245,105186881,1704.686583
936,El Salvador,Americas,1972-01-01,58.207,3790903,4520.246008
937,Senegal,Africa,1992-01-01,58.196,8307920,1367.899369
938,South Africa,Africa,1982-01-01,58.161,31140029,8568.266228
939,Haiti,Americas,2002-01-01,58.137,7607651,1270.364932
940,Guatemala,Americas,1982-01-01,58.137,6395630,4820.49479
941,Mauritius,Africa,1957-01-01,58.089,609816,2034.037981
942,Philippines,Asia,1972-01-01,58.065,40850141,1989.37407
943,Togo,Africa,1992-01-01,58.061,3747553,1034.298904
944,Myanmar,Asia,1982-01-01,58.056,34680442,424
945,Gambia,Africa,2002-01-01,58.041,1457766,660.5855997
946,Eritrea,Africa,2007-01-01,58.04,4906585,641.3695236
947,Kuwait,Asia,1957-01-01,58.033,212846,113523.1329
948,"Yemen, Rep.",Asia,1997-01-01,58.02,15826497,2117.484526
949,Algeria,Africa,1977-01-01,58.014,17152804,4910.416756
950,Serbia,Europe,1952-01-01,57.996,6860147,3581.459448
951,Comoros,Africa,1992-01-01,57.939,454429,1246.90737
952,Chile,Americas,1962-01-01,57.924,7961258,4519.094331
953,Venezuela,Americas,1957-01-01,57.907,6702668,9802.466526
954,Colombia,Americas,1962-01-01,57.863,17009885,2492.351109
955,"Korea, Rep.",Asia,1967-01-01,57.716,30131000,2029.228142
956,Iran,Asia,1977-01-01,57.702,35480679,11888.59508
957,Swaziland,Africa,1987-01-01,57.678,779348,3984.839812
958,Zimbabwe,Africa,1977-01-01,57.674,6642107,685.5876821
959,Reunion,Africa,1962-01-01,57.666,358900,3173.72334
960,Brazil,Americas,1967-01-01,57.632,88049823,3429.864357
961,Sri Lanka,Asia,1952-01-01,57.593,7982342,1083.53203
962,Togo,Africa,2002-01-01,57.561,4977378,886.2205765
963,Ghana,Africa,1992-01-01,57.501,16278738,925.060154
964,Mongolia,Asia,1982-01-01,57.489,1756032,2000.603139
965,Nicaragua,Americas,1977-01-01,57.47,2554598,5486.371089
966,"Congo, Rep.",Africa,1987-01-01,57.47,2064095,4201.194937
967,Libya,Africa,1977-01-01,57.442,2721783,21951.21176
968,Honduras,Americas,1977-01-01,57.402,3055235,3203.208066
969,Oman,Asia,1977-01-01,57.367,1004533,11848.34392
970,Syria,Asia,1972-01-01,57.296,6701172,2571.423014
971,Madagascar,Africa,2002-01-01,57.286,16473477,894.6370822
972,Bolivia,Americas,1987-01-01,57.251,6156369,2753.69149
973,Costa Rica,Americas,1952-01-01,57.206,926317,2627.009471
974,Lesotho,Africa,1987-01-01,57.18,1599200,773.9932141
975,Iraq,Asia,2002-01-01,57.046,24001816,4390.717312
976,Turkey,Europe,1972-01-01,57.005,37492953,3450.69638
977,Iraq,Asia,1972-01-01,56.95,10061506,9576.037596
978,Togo,Africa,1987-01-01,56.941,3154264,1202.201361
979,Bahrain,Asia,1962-01-01,56.923,171863,12753.27514
980,Niger,Africa,2007-01-01,56.867,12894865,619.6768924
981,Gabon,Africa,2002-01-01,56.761,1299304,12521.71392
982,Cambodia,Asia,2002-01-01,56.752,12926707,896.2260153
983,Dominican Republic,Americas,1967-01-01,56.751,4049146,1653.723003
984,Gabon,Africa,2007-01-01,56.735,1454867,13206.48452
985,Benin,Africa,2007-01-01,56.728,8078314,1441.284873
986,El Salvador,Americas,1977-01-01,56.696,4282586,5138.922374
987,"Congo, Rep.",Africa,1982-01-01,56.695,1774735,4879.507522
988,Ecuador,Americas,1967-01-01,56.678,5432424,4579.074215
989,Haiti,Americas,1997-01-01,56.671,6913545,1341.726931
990,"Korea, Dem. Rep.",Asia,1962-01-01,56.656,10917494,1621.693598
991,El Salvador,Americas,1982-01-01,56.604,4474873,4098.344175
992,India,Asia,1982-01-01,56.596,708000000,855.7235377
993,Gabon,Africa,1982-01-01,56.564,753874,15113.36194
994,Cambodia,Asia,1997-01-01,56.534,11782962,734.28517
995,West Bank and Gaza,Asia,1972-01-01,56.532,1089572,3133.409277
996,Jordan,Asia,1972-01-01,56.528,1613551,2110.856309
997,Sao Tome and Principe,Africa,1972-01-01,56.48,76595,1532.985254
998,Namibia,Africa,1977-01-01,56.437,977026,3876.485958
999,"Congo, Rep.",Africa,1992-01-01,56.433,2409073,4016.239529
1000,Philippines,Asia,1967-01-01,56.393,35356600,1814.12743
1001,Sudan,Africa,2002-01-01,56.369,37090298,1993.398314
1002,Indonesia,Asia,1982-01-01,56.159,153343000,1516.872988
1003,Pakistan,Asia,1982-01-01,56.158,91462088,1443.429832
1004,Kenya,Africa,1977-01-01,56.155,14500404,1267.613204
1005,Mauritania,Africa,1987-01-01,56.145,1841240,1421.603576
1006,Chile,Americas,1957-01-01,56.074,7048426,4315.622723
1007,Thailand,Asia,1962-01-01,56.061,29263397,1002.199172
1008,Myanmar,Asia,1977-01-01,56.059,31528087,371
1009,Guatemala,Americas,1977-01-01,56.029,5703430,4879.992748
1010,Botswana,Africa,1972-01-01,56.024,619351,2263.611114
1011,Bangladesh,Asia,1992-01-01,56.018,113704579,837.8101643
1012,Guinea,Africa,2007-01-01,56.007,9947814,942.6542111
1013,Egypt,Africa,1982-01-01,56.006,45681811,3503.729636
1014,Lebanon,Asia,1952-01-01,55.928,1439529,4834.804067
1015,Gambia,Africa,1997-01-01,55.861,1235767,653.7301704
1016,El Salvador,Americas,1967-01-01,55.855,3232927,4358.595393
1017,Cambodia,Asia,1992-01-01,55.803,10150094,682.3031755
1018,Senegal,Africa,1987-01-01,55.769,7171347,1441.72072
1019,Vietnam,Asia,1977-01-01,55.764,50533506,713.5371196
1020,Malaysia,Asia,1962-01-01,55.737,8906385,2036.884944
1021,Morocco,Africa,1977-01-01,55.73,18396941,2370.619976
1022,Ghana,Africa,1987-01-01,55.729,14168101,847.0061135
1023,Nepal,Asia,1992-01-01,55.727,20326209,897.7403604
1024,Brazil,Americas,1962-01-01,55.665,76039390,3336.585802
1025,Zimbabwe,Africa,1972-01-01,55.635,5861135,799.3621758
1026,"Congo, Rep.",Africa,1977-01-01,55.625,1536769,3259.178978
1027,Tunisia,Africa,1972-01-01,55.602,5303507,2753.285994
1028,"Yemen, Rep.",Asia,1992-01-01,55.599,13367997,1879.496673
1029,Kuwait,Asia,1952-01-01,55.565,160000,108382.3529
1030,Swaziland,Africa,1982-01-01,55.561,649901,3895.384018
1031,Lesotho,Africa,1997-01-01,55.558,1982823,1186.147994
1032,South Africa,Africa,1977-01-01,55.527,27129932,8028.651439
1033,Mongolia,Asia,1977-01-01,55.491,1528000,1647.511665
1034,Togo,Africa,1982-01-01,55.471,2644765,1344.577953
1035,Peru,Americas,1972-01-01,55.448,13954700,5937.827283
1036,Sudan,Africa,1997-01-01,55.373,32160729,1632.210764
1037,"Congo, Rep.",Africa,2007-01-01,55.322,3800610,3632.557798
1038,"Korea, Rep.",Asia,1962-01-01,55.292,26420307,1536.344387
1039,Eritrea,Africa,2002-01-01,55.24,4414865,765.3500015
1040,Iran,Asia,1972-01-01,55.234,30614000,9613.818607
1041,Albania,Europe,1952-01-01,55.23,1282697,1601.056136
1042,Panama,Americas,1952-01-01,55.191,940080,2480.380334
1043,Mexico,Americas,1957-01-01,55.19,35015548,4131.546641
1044,Nicaragua,Americas,1972-01-01,55.151,2182908,4688.593267
1045,Colombia,Americas,1957-01-01,55.118,14485993,2323.805581
1046,Reunion,Africa,1957-01-01,55.09,308700,2769.451844
1047,Haiti,Americas,1992-01-01,55.089,6326682,1456.309517
1048,Venezuela,Americas,1952-01-01,55.088,5439568,7689.799761
1049,Lesotho,Africa,1982-01-01,55.078,1411807,797.2631074
1050,Cameroon,Africa,1987-01-01,54.985,10780667,2602.664206
1051,Madagascar,Africa,1997-01-01,54.978,14165114,986.2958956
1052,Comoros,Africa,1987-01-01,54.926,395114,1315.980812
1053,"Congo, Rep.",Africa,1972-01-01,54.907,1340458,3213.152683
1054,Djibouti,Africa,2007-01-01,54.791,496374,2082.481567
1055,Benin,Africa,1997-01-01,54.777,6066080,1232.975292
1056,Philippines,Asia,1962-01-01,54.757,30325264,1649.552153
1057,Chile,Americas,1952-01-01,54.745,6377619,3939.978789
1058,Cote d'Ivoire,Africa,1987-01-01,54.655,10761098,2156.956069
1059,Ecuador,Americas,1962-01-01,54.64,4681707,4086.114078
1060,Algeria,Africa,1972-01-01,54.518,14760787,4182.663766
1061,Niger,Africa,2002-01-01,54.496,11140655,601.0745012
1062,Mali,Africa,2007-01-01,54.467,12031795,1042.581557
1063,Iraq,Asia,1967-01-01,54.459,8519282,8931.459811
1064,Sao Tome and Principe,Africa,1967-01-01,54.425,70787,1384.840593
1065,Kenya,Africa,1997-01-01,54.407,28263827,1360.485021
1066,Benin,Africa,2002-01-01,54.406,7026113,1372.877931
1067,Turkey,Europe,1967-01-01,54.336,33411317,2826.356387
1068,Cameroon,Africa,1992-01-01,54.314,12467171,1793.163278
1069,Swaziland,Africa,1997-01-01,54.289,1054486,3876.76846
1070,India,Asia,1977-01-01,54.208,634000000,813.337323
1071,Kenya,Africa,2007-01-01,54.11,35610177,1463.249282
1072,"Korea, Dem. Rep.",Asia,1957-01-01,54.081,9411381,1571.134655
1073,Pakistan,Asia,1977-01-01,54.043,78152686,1175.921193
1074,Zimbabwe,Africa,1967-01-01,53.995,4995432,569.7950712
1075,Cote d'Ivoire,Africa,1982-01-01,53.983,9025951,2602.710169
1076,Benin,Africa,1992-01-01,53.919,4981671,1191.207681
1077,Cambodia,Asia,1987-01-01,53.914,8371791,683.8955732
1078,Saudi Arabia,Asia,1972-01-01,53.886,6472756,24837.42865
1079,Honduras,Americas,1972-01-01,53.884,2965146,2529.842345
1080,Namibia,Africa,1972-01-01,53.867,821782,3746.080948
1081,Bolivia,Americas,1982-01-01,53.859,5642224,3156.510452
1082,Bahrain,Asia,1957-01-01,53.832,138655,11635.79945
1083,Bosnia and Herzegovina,Europe,1952-01-01,53.82,2791000,973.5331948
1084,Mongolia,Asia,1972-01-01,53.754,1320500,1421.741975
1085,Ghana,Africa,1982-01-01,53.744,11400338,876.032569
1086,Guatemala,Americas,1972-01-01,53.738,5149581,4031.408271
1087,South Africa,Africa,1972-01-01,53.696,23935810,7765.962636
1088,Guinea,Africa,2002-01-01,53.676,8807818,945.5835837
1089,Syria,Asia,1967-01-01,53.655,5680812,1881.923632
1090,Haiti,Americas,1987-01-01,53.636,5756203,1823.015995
1091,Thailand,Asia,1957-01-01,53.63,25041917,793.5774148
1092,Mauritania,Africa,1982-01-01,53.599,1622136,1481.150189
1093,Kenya,Africa,1972-01-01,53.559,12044785,1222.359968
1094,Sudan,Africa,1992-01-01,53.556,28227588,1492.197043
1095,Dominican Republic,Americas,1962-01-01,53.459,3453434,1662.137359
1096,Eritrea,Africa,1997-01-01,53.378,4058319,913.47079
1097,Djibouti,Africa,2002-01-01,53.373,447416,1908.260867
1098,South Africa,Africa,2002-01-01,53.365,44433622,7710.946444
1099,Egypt,Africa,1977-01-01,53.319,38783863,2785.493582
1100,Botswana,Africa,1967-01-01,53.298,553541,1214.709294
1101,Brazil,Americas,1957-01-01,53.285,65551171,2487.365989
1102,Djibouti,Africa,1997-01-01,53.157,417908,1895.016984
1103,Myanmar,Asia,1972-01-01,53.07,28466390,357
1104,"Congo, Rep.",Africa,2002-01-01,52.97,3328795,3484.06197
1105,"Congo, Rep.",Africa,1997-01-01,52.962,2800947,3484.164376
1106,Cameroon,Africa,1982-01-01,52.961,9250831,2367.983282
1107,Ethiopia,Africa,2007-01-01,52.947,76511887,690.8055759
1108,Comoros,Africa,1982-01-01,52.933,348643,1267.100083
1109,"Yemen, Rep.",Asia,1987-01-01,52.922,11219340,1971.741538
1110,Namibia,Africa,2007-01-01,52.906,2055080,4811.060429
1111,Togo,Africa,1977-01-01,52.887,2308582,1532.776998
1112,Morocco,Africa,1972-01-01,52.862,16660670,1930.194975
1113,Bangladesh,Asia,1987-01-01,52.819,103764241,751.9794035
1114,Gabon,Africa,1977-01-01,52.79,706367,21745.57328
1115,Libya,Africa,1972-01-01,52.773,2183877,21011.49721
1116,Reunion,Africa,1952-01-01,52.724,257700,2718.885295
1117,Indonesia,Asia,1977-01-01,52.702,136725000,1382.702056
1118,"Korea, Rep.",Asia,1957-01-01,52.681,22611552,1487.593537
1119,Gambia,Africa,1992-01-01,52.644,1025384,665.6244126
1120,Botswana,Africa,1997-01-01,52.556,1536536,8647.142313
1121,Nepal,Asia,1987-01-01,52.537,17917180,775.6324501
1122,Swaziland,Africa,1977-01-01,52.537,551425,3781.410618
1123,Tanzania,Africa,2007-01-01,52.517,38139640,1107.482182
1124,Iran,Asia,1967-01-01,52.469,26538000,5906.731805
1125,Senegal,Africa,1982-01-01,52.379,6147783,1518.479984
1126,Cote d'Ivoire,Africa,1977-01-01,52.374,7459574,2517.736547
1127,Zimbabwe,Africa,1962-01-01,52.358,4277736,527.2721818
1128,Benin,Africa,1987-01-01,52.337,4243788,1225.85601
1129,El Salvador,Americas,1962-01-01,52.307,2747687,3776.803627
1130,Burkina Faso,Africa,2007-01-01,52.295,14326203,1217.032994
1131,Madagascar,Africa,1992-01-01,52.214,12210395,1040.67619
1132,Lesotho,Africa,1977-01-01,52.208,1251524,745.3695408
1133,Cameroon,Africa,1997-01-01,52.199,14195809,1694.337469
1134,Oman,Asia,1972-01-01,52.143,829050,10618.03855
1135,Malaysia,Asia,1957-01-01,52.102,7739235,1810.066992
1136,Turkey,Europe,1962-01-01,52.098,29788695,2322.869908
1137,Tunisia,Africa,1967-01-01,52.053,4786986,1932.360167
1138,Cote d'Ivoire,Africa,1992-01-01,52.044,12772596,1648.073791
1139,"Congo, Rep.",Africa,1967-01-01,52.04,1179760,2677.939642
1140,Pakistan,Asia,1972-01-01,51.929,69325921,1049.938981
1141,South Africa,Africa,1967-01-01,51.927,20997321,7114.477971
1142,Sao Tome and Principe,Africa,1962-01-01,51.893,65345,1071.551119
1143,Nicaragua,Americas,1967-01-01,51.884,1865490,4643.393534
1144,Zambia,Africa,1982-01-01,51.821,6100407,1408.678565
1145,Mali,Africa,2002-01-01,51.818,10580176,951.4097518
1146,Ghana,Africa,1977-01-01,51.756,10538093,993.2239571
1147,Sudan,Africa,1987-01-01,51.744,24725960,1507.819159
1148,Chad,Africa,1992-01-01,51.724,6429417,1058.0643
1149,West Bank and Gaza,Asia,1967-01-01,51.631,1142636,2649.715007
1150,Jordan,Asia,1967-01-01,51.629,1255058,2741.796252
1151,Djibouti,Africa,1992-01-01,51.604,384156,2377.156192
1152,Equatorial Guinea,Africa,2007-01-01,51.579,551201,12154.08975
1153,Chad,Africa,1997-01-01,51.573,7562011,1004.961353
1154,Uganda,Africa,2007-01-01,51.542,29170398,1056.380121
1155,Tanzania,Africa,1987-01-01,51.535,23040630,831.8220794
1156,Botswana,Africa,1962-01-01,51.52,512764,983.6539764
1157,Uganda,Africa,1987-01-01,51.509,15283050,617.7244065
1158,Namibia,Africa,2002-01-01,51.479,1972153,4072.324751
1159,Haiti,Americas,1982-01-01,51.461,5198399,2011.159549
1160,Iraq,Asia,1962-01-01,51.457,7240260,8341.737815
1161,Guinea,Africa,1997-01-01,51.455,8048834,869.4497668
1162,Peru,Americas,1967-01-01,51.445,12132200,5788.09333
1163,Algeria,Africa,1967-01-01,51.407,12760499,3246.991771
1164,Zambia,Africa,1977-01-01,51.386,5216550,1588.688299
1165,Ecuador,Americas,1957-01-01,51.356,4058385,3780.546651
1166,Philippines,Asia,1957-01-01,51.334,26072194,1547.944844
1167,Niger,Africa,1997-01-01,51.313,9666252,580.3052092
1168,Mongolia,Asia,1967-01-01,51.253,1149500,1226.04113
1169,Namibia,Africa,1967-01-01,51.159,706640,3793.694753
1170,Egypt,Africa,1972-01-01,51.137,34807417,2024.008147
1171,Chad,Africa,1987-01-01,51.051,5498955,952.386129
1172,Uganda,Africa,1972-01-01,51.016,10190285,950.735869
1173,Kenya,Africa,2002-01-01,50.992,31386842,1287.514732
1174,Mauritius,Africa,1952-01-01,50.986,516556,1967.955707
1175,Cambodia,Asia,1982-01-01,50.957,7272485,624.4754784
1176,Comoros,Africa,1977-01-01,50.939,304739,1172.603047
1177,Bahrain,Asia,1952-01-01,50.939,120447,9867.084765
1178,Honduras,Americas,1967-01-01,50.924,2500689,2538.269358
1179,Brazil,Americas,1952-01-01,50.917,56602560,2108.944355
1180,Benin,Africa,1982-01-01,50.904,3641603,1277.897616
1181,Mauritania,Africa,1977-01-01,50.852,1456688,1497.492223
1182,Thailand,Asia,1952-01-01,50.848,21289402,757.7974177
1183,Zambia,Africa,1987-01-01,50.821,7272406,1213.315116
1184,Mexico,Americas,1952-01-01,50.789,30144317,3478.125529
1185,Botswana,Africa,2007-01-01,50.728,1639131,12569.85177
1186,Ethiopia,Africa,2002-01-01,50.725,67946797,530.0535319
1187,Kenya,Africa,1967-01-01,50.654,10191512,1056.736457
1188,India,Asia,1972-01-01,50.651,567000000,724.032527
1189,Chad,Africa,2007-01-01,50.651,10238807,1704.063724
1190,Burkina Faso,Africa,2002-01-01,50.65,12251209,1037.645221
1191,Colombia,Americas,1952-01-01,50.643,12350771,2144.115096
1192,Tanzania,Africa,1982-01-01,50.608,19844382,874.2426069
1193,China,Asia,1957-01-01,50.54896,637408000,575.9870009
1194,Chad,Africa,2002-01-01,50.525,8835739,1156.18186
1195,Central African Republic,Africa,1987-01-01,50.485,2840009,844.8763504
1196,Zimbabwe,Africa,1957-01-01,50.469,3646340,518.7642681
1197,Tanzania,Africa,1992-01-01,50.44,26605473,825.682454
1198,Cameroon,Africa,2007-01-01,50.43,17696293,2042.09524
1199,Uganda,Africa,1977-01-01,50.35,11457758,843.7331372
1200,Sudan,Africa,1982-01-01,50.338,20367053,1895.544073
1201,Morocco,Africa,1967-01-01,50.335,14770296,1711.04477
1202,Burkina Faso,Africa,1997-01-01,50.324,10352843,946.2949618
1203,Syria,Asia,1962-01-01,50.305,4834621,2193.037133
1204,Burkina Faso,Africa,1992-01-01,50.26,8878303,931.7527731
1205,Vietnam,Asia,1972-01-01,50.254,44655014,699.5016441
1206,Libya,Africa,1967-01-01,50.227,1759224,18772.75169
1207,Zambia,Africa,1972-01-01,50.107,4506497,1773.498265
1208,"Korea, Dem. Rep.",Asia,1952-01-01,50.056,8865488,1088.277758
1209,Djibouti,Africa,1987-01-01,50.04,311025,2880.102568
1210,Bolivia,Americas,1977-01-01,50.023,5079716,3548.097832
1211,Guatemala,Americas,1967-01-01,50.016,4690773,3242.531147
1212,Bangladesh,Asia,1982-01-01,50.009,93074406,676.9818656
1213,Eritrea,Africa,1992-01-01,49.991,3668440,582.8585102
1214,South Africa,Africa,1962-01-01,49.951,18356657,5768.729717
1215,Haiti,Americas,1977-01-01,49.923,4908554,1874.298931
1216,Tanzania,Africa,1977-01-01,49.919,17129565,962.4922932
1217,Mali,Africa,1997-01-01,49.903,9384984,790.2579846
1218,Saudi Arabia,Asia,1967-01-01,49.901,5618198,16903.04886
1219,Ghana,Africa,1972-01-01,49.875,9354120,1178.223708
1220,Cameroon,Africa,2002-01-01,49.856,15929988,1934.011449
1221,Uganda,Africa,1982-01-01,49.849,12939400,682.2662268
1222,Dominican Republic,Americas,1957-01-01,49.828,2923186,1544.402995
1223,Cote d'Ivoire,Africa,1972-01-01,49.801,6071696,2378.201111
1224,Pakistan,Asia,1967-01-01,49.8,60641899,942.4082588
1225,Lesotho,Africa,1972-01-01,49.767,1116779,496.5815922
1226,Togo,Africa,1972-01-01,49.759,2056351,1649.660188
1227,Tanzania,Africa,2002-01-01,49.651,34593779,899.0742111
1228,Botswana,Africa,1957-01-01,49.618,474639,918.2325349
1229,Nepal,Asia,1982-01-01,49.594,15796314,718.3730947
1230,Burundi,Africa,2007-01-01,49.58,8390505,430.0706916
1231,Tunisia,Africa,1962-01-01,49.579,4286552,1660.30321
1232,Burkina Faso,Africa,1987-01-01,49.557,7586551,912.0631417
1233,Swaziland,Africa,1972-01-01,49.552,480105,3364.836625
1234,Chad,Africa,1982-01-01,49.517,4875118,797.9081006
1235,Malawi,Africa,1992-01-01,49.42,10014249,563.2000145
1236,Ethiopia,Africa,1997-01-01,49.402,59861301,515.8894013
1237,Central African Republic,Africa,1992-01-01,49.396,3265124,747.9055252
1238,Myanmar,Asia,1967-01-01,49.379,25870271,349
1239,Cameroon,Africa,1977-01-01,49.355,7959865,1783.432873
1240,Madagascar,Africa,1987-01-01,49.35,10568642,1155.441948
1241,Equatorial Guinea,Africa,2002-01-01,49.348,495627,7703.4959
1242,South Africa,Africa,2007-01-01,49.339,43997828,9269.657808
1243,Iran,Asia,1962-01-01,49.325,22874000,4187.329802
1244,Egypt,Africa,1967-01-01,49.293,31681188,1814.880728
1245,Gambia,Africa,1987-01-01,49.265,848406,611.6588611
1246,Indonesia,Asia,1972-01-01,49.203,121282000,1111.107907
1247,Benin,Africa,1977-01-01,49.19,3168267,1029.161251
1248,"Yemen, Rep.",Asia,1982-01-01,49.113,9657618,1977.55701
1249,Peru,Americas,1962-01-01,49.096,10516500,4957.037982
1250,Madagascar,Africa,1982-01-01,48.969,9171477,1302.878658
1251,Sao Tome and Principe,Africa,1957-01-01,48.945,61325,860.7369026
1252,Comoros,Africa,1972-01-01,48.944,250027,1937.577675
1253,Senegal,Africa,1977-01-01,48.879,5260855,1561.769116
1254,Uganda,Africa,1992-01-01,48.825,18252190,644.1707969
1255,Djibouti,Africa,1982-01-01,48.812,305991,2879.468067
1256,Gabon,Africa,1972-01-01,48.69,537977,11401.94841
1257,Nicaragua,Americas,1962-01-01,48.632,1590597,3634.364406
1258,Guinea,Africa,1992-01-01,48.576,6990574,794.3484384
1259,El Salvador,Americas,1957-01-01,48.57,2355805,3421.523218
1260,Lesotho,Africa,1967-01-01,48.492,996380,498.6390265
1261,Tanzania,Africa,1997-01-01,48.466,30686889,789.1862231
1262,Malaysia,Asia,1952-01-01,48.463,6748378,1831.132894
1263,Zimbabwe,Africa,1952-01-01,48.451,3080907,406.8841148
1264,Mauritania,Africa,1972-01-01,48.437,1332786,1586.851781
1265,Iraq,Asia,1957-01-01,48.437,6248643,6229.333562
1266,"Congo, Rep.",Africa,1962-01-01,48.435,1047924,2464.783157
1267,Mali,Africa,1992-01-01,48.388,8416215,739.014375
1268,Namibia,Africa,1962-01-01,48.386,621392,3173.215595
1269,Ecuador,Americas,1952-01-01,48.357,3548753,3522.110717
1270,Cote d'Ivoire,Africa,2007-01-01,48.328,18013409,1544.750112
1271,Algeria,Africa,1962-01-01,48.303,11000948,2550.81688
1272,Malawi,Africa,2007-01-01,48.303,13327079,759.3499101
1273,Central African Republic,Africa,1982-01-01,48.295,2476971,956.7529907
1274,Syria,Asia,1957-01-01,48.284,4149908,2117.234893
1275,Mongolia,Asia,1962-01-01,48.251,1010280,1056.353958
1276,Equatorial Guinea,Africa,1997-01-01,48.245,439971,2814.480755
1277,Burundi,Africa,1987-01-01,48.211,5126023,621.8188189
1278,Somalia,Africa,2007-01-01,48.159,9118773,926.1410683
1279,West Bank and Gaza,Asia,1962-01-01,48.127,1133134,2198.956312
1280,Jordan,Asia,1962-01-01,48.126,933559,2348.009158
1281,Burkina Faso,Africa,1982-01-01,48.122,6634596,807.1985855
1282,Ethiopia,Africa,1992-01-01,48.091,52088559,421.3534653
1283,Turkey,Europe,1957-01-01,48.079,25670939,2218.754257
1284,Ghana,Africa,1967-01-01,48.072,8490213,1125.69716
1285,Uganda,Africa,1967-01-01,48.051,8900294,908.9185217
1286,Haiti,Americas,1972-01-01,48.042,4698301,1654.456946
1287,Honduras,Americas,1962-01-01,48.041,2090162,2291.156835
1288,Cote d'Ivoire,Africa,1997-01-01,47.991,14625967,1786.265407
1289,South Africa,Africa,1957-01-01,47.985,16151549,5487.104219
1290,Kenya,Africa,1962-01-01,47.949,8678557,896.9663732
1291,Morocco,Africa,1962-01-01,47.924,13056604,1566.353493
1292,Vietnam,Asia,1967-01-01,47.838,39463910,637.1232887
1293,Uganda,Africa,2002-01-01,47.813,24739869,927.7210018
1294,Libya,Africa,1962-01-01,47.808,1441863,6757.030816
1295,"Congo, Dem. Rep.",Africa,1977-01-01,47.804,26480870,795.757282
1296,Sudan,Africa,1977-01-01,47.8,17104986,2202.988423
1297,"Congo, Dem. Rep.",Africa,1982-01-01,47.784,30646495,673.7478181
1298,Zambia,Africa,1967-01-01,47.768,3900000,1777.077318
1299,Philippines,Asia,1952-01-01,47.752,22438691,1272.880995
1300,Lesotho,Africa,1962-01-01,47.747,893143,411.8006266
1301,Pakistan,Asia,1962-01-01,47.67,53100671,803.3427418
1302,Botswana,Africa,1952-01-01,47.622,442308,851.2411407
1303,Tanzania,Africa,1972-01-01,47.62,14706593,915.9850592
1304,Equatorial Guinea,Africa,1992-01-01,47.545,387838,1132.055034
1305,Malawi,Africa,1997-01-01,47.495,10419991,692.2758103
1306,Nigeria,Africa,1992-01-01,47.472,93364244,1619.848217
1307,Burundi,Africa,1982-01-01,47.471,4580410,559.603231
1308,Nigeria,Africa,1997-01-01,47.464,106207839,1624.941275
1309,Malawi,Africa,1987-01-01,47.457,7824747,635.5173634
1310,"Korea, Rep.",Asia,1952-01-01,47.453,20947571,1030.592226
1311,"Congo, Dem. Rep.",Africa,1987-01-01,47.412,35481645,672.774812
1312,Niger,Africa,1992-01-01,47.391,8392818,581.182725
1313,Chad,Africa,1977-01-01,47.383,4388260,1133.98495
1314,Burundi,Africa,2002-01-01,47.36,7021078,446.4035126
1315,Cote d'Ivoire,Africa,1967-01-01,47.35,4744870,2052.050473
1316,India,Asia,1967-01-01,47.193,506000000,700.7706107
1317,Iran,Asia,1957-01-01,47.181,19792000,3290.257643
1318,Tunisia,Africa,1957-01-01,47.1,3950849,1395.232468
1319,Cameroon,Africa,1972-01-01,47.049,7021028,1684.146528
1320,Benin,Africa,1972-01-01,47.014,2761407,1085.796879
1321,Egypt,Africa,1962-01-01,46.992,28173309,1693.335853
1322,Oman,Asia,1967-01-01,46.988,714775,4720.942687
1323,Guatemala,Americas,1962-01-01,46.954,4208858,2750.364446
1324,Bangladesh,Asia,1977-01-01,46.923,80428306,659.8772322
1325,Nigeria,Africa,1987-01-01,46.886,81551520,1385.029563
1326,Madagascar,Africa,1977-01-01,46.881,8007166,1544.228586
1327,Nigeria,Africa,2007-01-01,46.859,135031164,2013.977305
1328,Cote d'Ivoire,Africa,2002-01-01,46.832,16252726,1648.800823
1329,Zimbabwe,Africa,1997-01-01,46.809,11404948,792.4499603
1330,Central African Republic,Africa,1977-01-01,46.775,2167533,1109.374338
1331,Togo,Africa,1967-01-01,46.769,1735550,1477.59676
1332,Nepal,Asia,1977-01-01,46.748,13933198,694.1124398
1333,Bolivia,Americas,1972-01-01,46.714,4565872,2980.331339
1334,Ethiopia,Africa,1987-01-01,46.684,42999530,573.7413142
1335,Botswana,Africa,2002-01-01,46.634,1630347,11003.60508
1336,Swaziland,Africa,1967-01-01,46.633,420690,2613.101665
1337,Nigeria,Africa,2002-01-01,46.608,119901274,1615.286395
1338,Djibouti,Africa,1977-01-01,46.519,228694,3081.761022
1339,Comoros,Africa,1967-01-01,46.472,217378,1876.029643
1340,Sao Tome and Principe,Africa,1952-01-01,46.471,60011,879.5835855
1341,"Congo, Dem. Rep.",Africa,2007-01-01,46.462,64606759,277.5518587
1342,Eritrea,Africa,1987-01-01,46.453,2915959,521.1341333
1343,Ghana,Africa,1962-01-01,46.452,7355248,1190.041118
1344,Guinea-Bissau,Africa,2007-01-01,46.388,1472041,579.231743
1345,Mali,Africa,1987-01-01,46.364,7634008,684.1715576
1346,Mozambique,Africa,1997-01-01,46.344,16603334,472.3460771
1347,Mauritania,Africa,1967-01-01,46.289,1230542,1421.145193
1348,Peru,Americas,1957-01-01,46.263,9146100,4245.256698
1349,Haiti,Americas,1967-01-01,46.243,4318137,1452.057666
1350,Rwanda,Africa,2007-01-01,46.242,8860588,863.0884639
1351,Rwanda,Africa,1982-01-01,46.218,5507565,881.5706467
1352,Burkina Faso,Africa,1977-01-01,46.137,5889574,743.3870368
1353,Zambia,Africa,1992-01-01,46.1,8381163,1210.884633
1354,Central African Republic,Africa,1997-01-01,46.066,3696513,740.5063317
1355,Liberia,Africa,1987-01-01,46.027,2269414,506.1138573
1356,Zambia,Africa,1962-01-01,46.023,3421000,1452.725766
1357,"Congo, Dem. Rep.",Africa,1972-01-01,45.989,23007669,904.8960685
1358,Indonesia,Asia,1967-01-01,45.964,109343000,762.4317721
1359,Somalia,Africa,2002-01-01,45.936,7753310,882.0818218
1360,Dominican Republic,Americas,1952-01-01,45.928,2491346,1397.717137
1361,Saudi Arabia,Asia,1962-01-01,45.914,4943029,11626.41975
1362,Burundi,Africa,1977-01-01,45.91,3834415,556.1032651
1363,Syria,Asia,1952-01-01,45.883,3661549,1643.485354
1364,Nigeria,Africa,1982-01-01,45.826,73039376,1576.97375
1365,Senegal,Africa,1972-01-01,45.815,4588696,1597.712056
1366,Tanzania,Africa,1967-01-01,45.757,12607312,848.2186575
1367,Algeria,Africa,1957-01-01,45.685,10270856,3013.976023
1368,Liberia,Africa,2007-01-01,45.678,3193942,414.5073415
1369,West Bank and Gaza,Asia,1957-01-01,45.671,1070439,1827.067742
1370,Jordan,Asia,1957-01-01,45.669,746559,1886.080591
1371,Equatorial Guinea,Africa,1987-01-01,45.664,341244,966.8968149
1372,Malawi,Africa,1982-01-01,45.642,6502825,632.8039209
1373,Gambia,Africa,1982-01-01,45.58,715523,835.8096108
1374,Chad,Africa,1972-01-01,45.569,3899068,1104.103987
1375,Pakistan,Asia,1957-01-01,45.557,46679944,747.0835292
1376,Guinea,Africa,1987-01-01,45.552,5650262,805.5724718
1377,"Congo, Dem. Rep.",Africa,1992-01-01,45.548,41672143,457.7191807
1378,Guinea-Bissau,Africa,2002-01-01,45.504,1332459,575.7047176
1379,Nicaragua,Americas,1957-01-01,45.432,1358828,3457.415947
1380,Morocco,Africa,1957-01-01,45.423,11406350,1642.002314
1381,Cambodia,Asia,1967-01-01,45.415,6960067,523.4323142
1382,Vietnam,Asia,1962-01-01,45.363,33796140,772.0491602
1383,Uganda,Africa,1962-01-01,45.344,7688797,767.2717398
1384,Burundi,Africa,1997-01-01,45.326,6121610,463.1151478
1385,Iraq,Asia,1952-01-01,45.32,5441766,4129.766056
1386,Libya,Africa,1957-01-01,45.289,1201578,3448.284395
1387,El Salvador,Americas,1952-01-01,45.262,2042865,3048.3029
1388,Bangladesh,Asia,1972-01-01,45.252,70759295,630.2336265
1389,Mongolia,Asia,1957-01-01,45.248,882134,912.6626085
1390,Namibia,Africa,1957-01-01,45.226,548080,2621.448058
1391,Myanmar,Asia,1962-01-01,45.108,23634436,388
1392,Sudan,Africa,1972-01-01,45.083,14597019,1659.652775
1393,"Congo, Rep.",Africa,1957-01-01,45.053,940458,2315.056572
1394,Lesotho,Africa,1957-01-01,45.047,813338,335.9971151
1395,Bolivia,Americas,1967-01-01,45.032,4040665,2586.886053
1396,South Africa,Africa,1952-01-01,45.009,14264935,4725.295531
1397,Malawi,Africa,2002-01-01,45.009,11824495,665.4231186
1398,Rwanda,Africa,1977-01-01,45,4657072,670.0806011
1399,Swaziland,Africa,1962-01-01,44.992,370006,1856.182125
1400,"Congo, Dem. Rep.",Africa,2002-01-01,44.966,55379852,241.1658765
1401,Cote d'Ivoire,Africa,1962-01-01,44.93,3832408,1728.869428
1402,Ethiopia,Africa,1982-01-01,44.916,38111756,577.8607471
1403,Benin,Africa,1967-01-01,44.885,2427334,1035.831411
1404,Guinea-Bissau,Africa,1997-01-01,44.873,1193708,796.6644681
1405,Iran,Asia,1952-01-01,44.869,17272000,3035.326002
1406,Liberia,Africa,1982-01-01,44.852,1956875,572.1995694
1407,Madagascar,Africa,1972-01-01,44.851,7082430,1748.562982
1408,Cameroon,Africa,1967-01-01,44.799,6335506,1508.453148
1409,Ghana,Africa,1957-01-01,44.779,6391288,1043.561537
1410,Central African Republic,Africa,2007-01-01,44.741,4369038,706.016537
1411,Burundi,Africa,1992-01-01,44.736,5809236,631.6998778
1412,Kenya,Africa,1957-01-01,44.686,7454779,944.4383152
1413,Honduras,Americas,1957-01-01,44.665,1770390,2220.487682
1414,Tunisia,Africa,1952-01-01,44.6,3647735,1468.475631
1415,Rwanda,Africa,1972-01-01,44.6,3992121,590.5806638
1416,Gabon,Africa,1967-01-01,44.598,489004,8358.761987
1417,Lesotho,Africa,2002-01-01,44.593,2046772,1275.184575
1418,Uganda,Africa,1997-01-01,44.578,21210254,816.559081
1419,Niger,Africa,1987-01-01,44.555,7332638,668.3000228
1420,Eritrea,Africa,1977-01-01,44.535,2512642,505.7538077
1421,Nigeria,Africa,1977-01-01,44.514,62209173,1981.951806
1422,Ethiopia,Africa,1977-01-01,44.51,34617799,556.8083834
1423,China,Asia,1962-01-01,44.50136,665770000,487.6740183
1424,Somalia,Africa,1987-01-01,44.501,6921858,1093.244963
1425,Comoros,Africa,1962-01-01,44.467,191689,1406.648278
1426,Egypt,Africa,1957-01-01,44.444,25009741,1458.915272
1427,Djibouti,Africa,1972-01-01,44.366,178848,3694.212352
1428,Mozambique,Africa,1992-01-01,44.284,13160731,410.8968239
1429,Mauritania,Africa,1962-01-01,44.248,1146757,1055.896036
1430,Tanzania,Africa,1962-01-01,44.246,10863958,722.0038073
1431,"Yemen, Rep.",Asia,1977-01-01,44.175,8403990,1829.765177
1432,Guatemala,Americas,1957-01-01,44.142,3640876,2617.155967
1433,Eritrea,Africa,1972-01-01,44.142,2260187,514.3242082
1434,Rwanda,Africa,1967-01-01,44.1,3451079,510.9637142
1435,Zambia,Africa,1957-01-01,44.077,3016000,1311.956766
1436,Burundi,Africa,1972-01-01,44.057,3529983,464.0995039
1437,"Congo, Dem. Rep.",Africa,1967-01-01,44.056,19941073,861.5932424
1438,Mozambique,Africa,2002-01-01,44.026,18473780,633.6179466
1439,Rwanda,Africa,1987-01-01,44.02,6349365,847.991217
1440,China,Asia,1952-01-01,44,556263527,400.448611
1441,Nepal,Asia,1972-01-01,43.971,12412593,674.7881296
1442,Togo,Africa,1962-01-01,43.922,1528098,1067.53481
1443,Mali,Africa,1982-01-01,43.916,6998256,618.0140641
1444,Peru,Americas,1952-01-01,43.902,8025700,3758.523437
1445,Eritrea,Africa,1982-01-01,43.89,2637297,524.8758493
1446,Swaziland,Africa,2002-01-01,43.869,1130269,4128.116943
1447,Afghanistan,Asia,2007-01-01,43.828,31889923,974.5803384
1448,Somalia,Africa,1997-01-01,43.795,6633514,930.5964284
1449,Malawi,Africa,1977-01-01,43.767,5637246,663.2236766
1450,Liberia,Africa,1977-01-01,43.764,1703617,640.3224383
1451,Liberia,Africa,2002-01-01,43.753,2814651,531.4823679
1452,Equatorial Guinea,Africa,1982-01-01,43.662,285483,927.8253427
1453,India,Asia,1962-01-01,43.605,454000000,658.3471509
1454,Chad,Africa,1967-01-01,43.601,3495967,1196.810565
1455,Burkina Faso,Africa,1972-01-01,43.591,5433886,854.7359763
1456,Haiti,Americas,1962-01-01,43.59,3880130,1796.589032
1457,Turkey,Europe,1952-01-01,43.585,22235677,1969.10098
1458,Senegal,Africa,1967-01-01,43.563,3965841,1612.404632
1459,Burundi,Africa,1967-01-01,43.548,3330989,412.9775136
1460,Ethiopia,Africa,1972-01-01,43.515,30770372,566.2439442
1461,Zimbabwe,Africa,2007-01-01,43.487,12311143,469.7092981
1462,Central African Republic,Africa,1972-01-01,43.457,1927260,1070.013275
1463,Bangladesh,Asia,1967-01-01,43.453,62821884,721.1860862
1464,Pakistan,Asia,1952-01-01,43.436,41346560,684.5971438
1465,Bolivia,Americas,1962-01-01,43.428,3593918,2180.972546
1466,Swaziland,Africa,1957-01-01,43.424,326741,1244.708364
1467,Cambodia,Asia,1962-01-01,43.415,6083619,496.9136476
1468,Rwanda,Africa,2002-01-01,43.413,7852401,785.6537648
1469,Central African Republic,Africa,2002-01-01,43.308,4048013,738.6906068
1470,Guinea-Bissau,Africa,1992-01-01,43.266,1050938,745.5398706
1471,Oman,Asia,1962-01-01,43.165,628164,2924.638113
1472,West Bank and Gaza,Asia,1952-01-01,43.16,1030585,1515.592329
1473,Jordan,Asia,1952-01-01,43.158,607914,1546.907807
1474,Ghana,Africa,1952-01-01,43.149,5581001,911.2989371
1475,Algeria,Africa,1952-01-01,43.077,9279525,2449.008185
1476,Rwanda,Africa,1962-01-01,43,3051242,597.4730727
1477,Tanzania,Africa,1957-01-01,42.974,9452826,698.5356073
1478,Somalia,Africa,1982-01-01,42.955,5828892,1176.807031
1479,Guinea,Africa,1982-01-01,42.891,4710497,857.2503577
1480,Vietnam,Asia,1957-01-01,42.887,28998543,676.2854478
1481,Madagascar,Africa,1967-01-01,42.881,6334556,1634.047282
1482,Morocco,Africa,1952-01-01,42.873,9939217,1688.20357
1483,Saudi Arabia,Asia,1957-01-01,42.868,4419650,8157.591248
1484,Mozambique,Africa,1987-01-01,42.861,12891952,389.8761846
1485,Sudan,Africa,1967-01-01,42.858,12716129,1687.997641
1486,Nigeria,Africa,1972-01-01,42.821,53740085,1698.388838
1487,Mozambique,Africa,1982-01-01,42.795,12587223,462.2114149
1488,Angola,Africa,2007-01-01,42.731,12420476,4797.231267
1489,Libya,Africa,1952-01-01,42.723,1019729,2387.54806
1490,Cameroon,Africa,1962-01-01,42.643,5793633,1399.607441
1491,Benin,Africa,1962-01-01,42.618,2151895,949.4990641
1492,Liberia,Africa,1972-01-01,42.614,1482628,803.0054535
1493,Niger,Africa,1982-01-01,42.598,6437188,909.7221354
1494,Lesotho,Africa,2007-01-01,42.592,2012649,1569.331442
1495,"Congo, Dem. Rep.",Africa,1997-01-01,42.587,47798986,312.188423
1496,Uganda,Africa,1957-01-01,42.571,6675501,774.3710692
1497,Sierra Leone,Africa,2007-01-01,42.568,6144562,862.5407561
1498,Indonesia,Asia,1962-01-01,42.518,99028000,849.2897701
1499,Mozambique,Africa,1977-01-01,42.495,11127868,502.3197334
1500,Cote d'Ivoire,Africa,1957-01-01,42.469,3300000,1500.895925
1501,Comoros,Africa,1957-01-01,42.46,170928,1211.148548
1502,Zambia,Africa,2007-01-01,42.384,11746035,1271.211593
1503,Mauritania,Africa,1957-01-01,42.338,1076852,846.1202613
1504,Nicaragua,Americas,1952-01-01,42.314,1165790,3112.363948
1505,Kenya,Africa,1952-01-01,42.27,6464046,853.540919
1506,Mongolia,Asia,1952-01-01,42.244,800663,786.5668575
1507,Liberia,Africa,1997-01-01,42.221,2200725,609.1739508
1508,Eritrea,Africa,1967-01-01,42.189,1820319,468.7949699
1509,Lesotho,Africa,1952-01-01,42.138,748747,298.8462121
1510,Afghanistan,Asia,2002-01-01,42.129,25268405,726.7340548
1511,"Congo, Dem. Rep.",Africa,1962-01-01,42.122,17486434,896.3146335
1512,Ethiopia,Africa,1967-01-01,42.115,27860297,516.1186438
1513,"Congo, Rep.",Africa,1952-01-01,42.111,854885,2125.621418
1514,Mozambique,Africa,2007-01-01,42.082,19951656,823.6856205
1515,Djibouti,Africa,1967-01-01,42.074,127617,3020.050513
1516,Burundi,Africa,1962-01-01,42.045,2961915,355.2032273
1517,Zambia,Africa,1952-01-01,42.038,2672000,1147.388831
1518,Equatorial Guinea,Africa,1977-01-01,42.024,192675,958.5668124
1519,Guatemala,Americas,1952-01-01,42.023,3146381,2428.237769
1520,Somalia,Africa,1977-01-01,41.974,4353666,1450.992513
1521,Honduras,Americas,1952-01-01,41.912,1517453,2194.926204
1522,Myanmar,Asia,1957-01-01,41.905,21731844,350
1523,Egypt,Africa,1952-01-01,41.893,22223309,1418.822445
1524,Bolivia,Americas,1957-01-01,41.89,3211738,2127.686326
1525,Gambia,Africa,1977-01-01,41.842,608274,884.7552507
1526,Malawi,Africa,1972-01-01,41.766,4730997,584.6219709
1527,Afghanistan,Asia,1997-01-01,41.763,22227415,635.341351
1528,Namibia,Africa,1952-01-01,41.725,485831,2423.780443
1529,Chad,Africa,1962-01-01,41.716,3150417,1389.817618
1530,Mali,Africa,1977-01-01,41.714,6491649,686.3952693
1531,Afghanistan,Asia,1992-01-01,41.674,16317921,649.3413952
1532,Liberia,Africa,1967-01-01,41.536,1279406,713.6036483
1533,Rwanda,Africa,1957-01-01,41.5,2822082,540.2893983
1534,Central African Republic,Africa,1967-01-01,41.478,1733638,1136.056615
1535,Nepal,Asia,1967-01-01,41.472,11261690,676.4422254
1536,Senegal,Africa,1962-01-01,41.454,3430243,1654.988723
1537,Swaziland,Africa,1952-01-01,41.407,290243,1148.376626
1538,Cambodia,Asia,1957-01-01,41.366,5322536,434.0383364
1539,Niger,Africa,1977-01-01,41.291,5682086,808.8970728
1540,Guinea-Bissau,Africa,1987-01-01,41.245,927524,736.4153921
1541,Bangladesh,Asia,1962-01-01,41.216,56839289,686.3415538
1542,Tanzania,Africa,1952-01-01,41.215,8322925,716.6500721
1543,Togo,Africa,1957-01-01,41.208,1357445,925.9083202
1544,Nigeria,Africa,1967-01-01,41.04,47287752,1014.514104
1545,Sierra Leone,Africa,2002-01-01,41.012,5359092,699.489713
1546,Angola,Africa,2002-01-01,41.003,10866106,2773.287312
1547,Somalia,Africa,1972-01-01,40.973,3840161,1254.576127
1548,Angola,Africa,1997-01-01,40.963,9875024,2277.140884
1549,Sudan,Africa,1962-01-01,40.87,11183227,1959.593767
1550,Madagascar,Africa,1962-01-01,40.848,5703324,1643.38711
1551,Afghanistan,Asia,1987-01-01,40.822,13867957,852.3959448
1552,Liberia,Africa,1992-01-01,40.802,1912974,636.6229191
1553,Guinea,Africa,1977-01-01,40.762,4227026,874.6858643
1554,Comoros,Africa,1952-01-01,40.715,153936,1102.990936
1555,Burkina Faso,Africa,1967-01-01,40.697,5127935,794.8265597
1556,Haiti,Americas,1957-01-01,40.696,3507701,1726.887882
1557,"Congo, Dem. Rep.",Africa,1957-01-01,40.652,15577932,905.8602303
1558,Angola,Africa,1992-01-01,40.647,8735988,2627.845685
1559,Niger,Africa,1972-01-01,40.546,5060262,954.2092363
1560,Mauritania,Africa,1952-01-01,40.543,1022556,743.1159097
1561,Burundi,Africa,1957-01-01,40.533,2667518,379.5646281
1562,Equatorial Guinea,Africa,1972-01-01,40.516,277603,672.4122571
1563,Liberia,Africa,1962-01-01,40.502,1112796,634.1951625
1564,Gabon,Africa,1962-01-01,40.489,455661,6631.459222
1565,Cote d'Ivoire,Africa,1952-01-01,40.477,2977019,1388.594732
1566,Cameroon,Africa,1957-01-01,40.428,5359923,1313.048099
1567,Bolivia,Americas,1952-01-01,40.414,2883315,2677.326347
1568,Vietnam,Asia,1952-01-01,40.412,26246839,605.0664917
1569,Benin,Africa,1957-01-01,40.358,1925173,959.6010805
1570,Mozambique,Africa,1972-01-01,40.328,9809596,724.9178037
1571,Cambodia,Asia,1972-01-01,40.317,7450606,421.6240257
1572,India,Asia,1957-01-01,40.249,409000000,590.061996
1573,Zambia,Africa,1997-01-01,40.238,9417789,1071.353818
1574,Eritrea,Africa,1962-01-01,40.158,1666618,380.9958433
1575,Niger,Africa,1967-01-01,40.118,4534062,1054.384891
1576,Oman,Asia,1957-01-01,40.08,561977,2242.746551
1577,Ethiopia,Africa,1962-01-01,40.059,25145372,419.4564161
1578,Sierra Leone,Africa,1987-01-01,40.006,3868905,1294.447788
1579,Rwanda,Africa,1952-01-01,40,2534927,493.3238752
1580,Zimbabwe,Africa,2002-01-01,39.989,11926563,672.0386227
1581,Uganda,Africa,1952-01-01,39.978,5824797,734.753484
1582,Mali,Africa,1972-01-01,39.977,5828158,581.3688761
1583,Angola,Africa,1982-01-01,39.942,7016384,2756.953672
1584,Indonesia,Asia,1957-01-01,39.918,90124000,858.9002707
1585,Angola,Africa,1987-01-01,39.906,7874230,2430.208311
1586,Sierra Leone,Africa,1997-01-01,39.897,4578212,574.6481576
1587,Chad,Africa,1957-01-01,39.881,2894855,1308.495577
1588,Saudi Arabia,Asia,1952-01-01,39.875,4005677,6459.554823
1589,Afghanistan,Asia,1982-01-01,39.854,12881816,978.0114388
1590,"Yemen, Rep.",Asia,1972-01-01,39.848,7407075,1265.047031
1591,Djibouti,Africa,1962-01-01,39.693,89898,3020.989263
1592,Somalia,Africa,1992-01-01,39.658,6099799,926.9602964
1593,Sudan,Africa,1957-01-01,39.624,9753392,1770.337074
1594,Swaziland,Africa,2007-01-01,39.613,1133066,4513.480643
1595,Malawi,Africa,1967-01-01,39.487,4147252,495.5147806
1596,Niger,Africa,1962-01-01,39.487,4076008,997.7661127
1597,Liberia,Africa,1957-01-01,39.486,975950,620.9699901
1598,Angola,Africa,1977-01-01,39.483,6162675,3008.647355
1599,Central African Republic,Africa,1962-01-01,39.475,1523478,1193.068753
1600,Cambodia,Asia,1952-01-01,39.417,4693836,368.4692856
1601,Nepal,Asia,1962-01-01,39.393,10332057,652.3968593
1602,Nigeria,Africa,1962-01-01,39.36,41871351,1150.927478
1603,Bangladesh,Asia,1957-01-01,39.348,51365468,661.6374577
1604,Senegal,Africa,1957-01-01,39.329,3054547,1567.653006
1605,Guinea-Bissau,Africa,1982-01-01,39.327,825987,838.1239671
1606,Zambia,Africa,2002-01-01,39.193,10595811,1071.613938
1607,"Congo, Dem. Rep.",Africa,1952-01-01,39.143,14100005,780.5423257
1608,Burundi,Africa,1952-01-01,39.031,2445618,339.2964587
1609,Gabon,Africa,1957-01-01,38.999,434904,4976.198099
1610,Equatorial Guinea,Africa,1967-01-01,38.987,259864,915.5960025
1611,Somalia,Africa,1967-01-01,38.977,3428839,1284.73318
1612,Madagascar,Africa,1957-01-01,38.865,5181679,1589.20275
1613,Guinea,Africa,1972-01-01,38.842,3811387,741.6662307
1614,Sudan,Africa,1952-01-01,38.635,8504667,1615.991129
1615,Niger,Africa,1957-01-01,38.598,3692184,835.5234025
1616,Togo,Africa,1952-01-01,38.596,1219113,859.8086567
1617,Cameroon,Africa,1952-01-01,38.523,5009067,1172.667655
1618,Mali,Africa,1967-01-01,38.487,5212416,545.0098873
1619,Liberia,Africa,1952-01-01,38.48,863308,575.5729961
1620,Sierra Leone,Africa,1982-01-01,38.445,3464522,1465.010784
1621,Afghanistan,Asia,1977-01-01,38.438,14880372,786.11336
1622,Malawi,Africa,1962-01-01,38.41,3628608,427.9010856
1623,Sierra Leone,Africa,1992-01-01,38.333,4260884,1068.696278
1624,Gambia,Africa,1972-01-01,38.308,517101,756.0868363
1625,Benin,Africa,1952-01-01,38.223,1738315,1062.7522
1626,Mozambique,Africa,1967-01-01,38.113,8680909,566.6691539
1627,Chad,Africa,1952-01-01,38.092,2682462,1178.665927
1628,Eritrea,Africa,1957-01-01,38.047,1542611,344.1618859
1629,Angola,Africa,1972-01-01,37.928,5894858,5473.288005
1630,Burkina Faso,Africa,1962-01-01,37.814,4919632,722.5120206
1631,Nigeria,Africa,1957-01-01,37.802,37173340,1100.592563
1632,Nepal,Asia,1957-01-01,37.686,9682338,597.9363558
1633,Haiti,Americas,1952-01-01,37.579,3201488,1840.366939
1634,Oman,Asia,1952-01-01,37.578,507833,1828.230307
1635,Equatorial Guinea,Africa,1962-01-01,37.485,249220,582.8419714
1636,Bangladesh,Asia,1952-01-01,37.484,46886859,684.2441716
1637,Indonesia,Asia,1952-01-01,37.468,82052000,749.6816546
1638,Guinea-Bissau,Africa,1977-01-01,37.465,745228,764.7259628
1639,Central African Republic,Africa,1957-01-01,37.464,1392284,1190.844328
1640,Niger,Africa,1952-01-01,37.444,3379468,761.879376
1641,India,Asia,1952-01-01,37.373,372000000,546.5657493
1642,Djibouti,Africa,1957-01-01,37.328,71851,2864.969076
1643,Senegal,Africa,1952-01-01,37.278,2755589,1450.356983
1644,Malawi,Africa,1957-01-01,37.207,3221238,416.3698064
1645,Guinea,Africa,1967-01-01,37.197,3451418,708.7595409
1646,Gabon,Africa,1952-01-01,37.003,420702,4293.476475
1647,"Yemen, Rep.",Asia,1967-01-01,36.984,6740785,862.4421463
1648,Somalia,Africa,1962-01-01,36.981,3080153,1369.488336
1649,Mali,Africa,1962-01-01,36.936,4690372,496.1743428
1650,Sierra Leone,Africa,1977-01-01,36.788,3140897,1348.285159
1651,Madagascar,Africa,1952-01-01,36.681,4762912,1443.011715
1652,Ethiopia,Africa,1957-01-01,36.667,22815614,378.9041632
1653,Guinea-Bissau,Africa,1972-01-01,36.486,625361,820.2245876
1654,Nigeria,Africa,1952-01-01,36.324,33119096,1077.281856
1655,Myanmar,Asia,1952-01-01,36.319,20092996,331
1656,Malawi,Africa,1952-01-01,36.256,2917802,369.1650802
1657,Mozambique,Africa,1962-01-01,36.161,7788944,556.6863539
1658,Nepal,Asia,1952-01-01,36.157,9182536,545.8657229
1659,Afghanistan,Asia,1972-01-01,36.088,13079460,739.9811058
1660,Rwanda,Africa,1997-01-01,36.087,7212583,589.9445051
1661,Angola,Africa,1967-01-01,35.985,5247469,5522.776375
1662,Equatorial Guinea,Africa,1957-01-01,35.983,232922,426.0964081
1663,Eritrea,Africa,1952-01-01,35.928,1438760,328.9405571
1664,Gambia,Africa,1967-01-01,35.857,439593,734.7829124
1665,Guinea,Africa,1962-01-01,35.753,3140003,686.3736739
1666,Guinea-Bissau,Africa,1967-01-01,35.492,601287,715.5806402
1667,Central African Republic,Africa,1952-01-01,35.463,1291695,1071.310713
1668,Sierra Leone,Africa,1972-01-01,35.4,2879013,1353.759762
1669,Mali,Africa,1957-01-01,35.307,4241884,490.3821867
1670,"Yemen, Rep.",Asia,1962-01-01,35.18,6120081,825.6232006
1671,Somalia,Africa,1957-01-01,34.977,2780415,1258.147413
1672,Burkina Faso,Africa,1957-01-01,34.906,4713416,617.1834648
1673,Djibouti,Africa,1952-01-01,34.812,63149,2669.529475
1674,Guinea,Africa,1957-01-01,34.558,2876726,576.2670245
1675,Guinea-Bissau,Africa,1962-01-01,34.488,627820,522.0343725
1676,Equatorial Guinea,Africa,1952-01-01,34.482,216964,375.6431231
1677,Sierra Leone,Africa,1967-01-01,34.113,2662190,1206.043465
1678,Ethiopia,Africa,1952-01-01,34.078,20860941,362.1462796
1679,Afghanistan,Asia,1967-01-01,34.02,11537966,836.1971382
1680,Angola,Africa,1962-01-01,34,4826015,4269.276742
1681,"Yemen, Rep.",Asia,1957-01-01,33.97,5498090,804.8304547
1682,Gambia,Africa,1962-01-01,33.896,374020,599.650276
1683,Mozambique,Africa,1957-01-01,33.779,7038035,495.5868333
1684,Mali,Africa,1952-01-01,33.685,3838168,452.3369807
1685,Guinea,Africa,1952-01-01,33.609,2664249,510.1964923
1686,Guinea-Bissau,Africa,1957-01-01,33.489,601095,431.7904566
1687,Somalia,Africa,1952-01-01,32.978,2526994,1135.749842
1688,Sierra Leone,Africa,1962-01-01,32.767,2467895,1116.639877
1689,"Yemen, Rep.",Asia,1952-01-01,32.548,4963829,781.7175761
1690,Guinea-Bissau,Africa,1952-01-01,32.5,580653,299.850319
1691,Gambia,Africa,1957-01-01,32.065,323150,520.9267111
1692,Angola,Africa,1957-01-01,31.999,4561361,3827.940465
1693,Afghanistan,Asia,1962-01-01,31.997,10267083,853.10071
1694,Burkina Faso,Africa,1952-01-01,31.975,4469979,543.2552413
1695,Sierra Leone,Africa,1957-01-01,31.57,2295678,1004.484437
1696,Mozambique,Africa,1952-01-01,31.286,6446316,468.5260381
1697,Cambodia,Asia,1977-01-01,31.22,6978607,524.9721832
1698,Afghanistan,Asia,1957-01-01,30.332,9240934,820.8530296
1699,Sierra Leone,Africa,1952-01-01,30.331,2143249,879.7877358
1700,Angola,Africa,1952-01-01,30.015,4232095,3520.610273
1701,Gambia,Africa,1952-01-01,30,284320,485.2306591
1702,Afghanistan,Asia,1952-01-01,28.801,8425333,779.4453145
1703,Rwanda,Africa,1992-01-01,23.599,7290203,737.0685949